,gameId,playId,s,x,playDirection
0,2022110300,55,0,0.03999710083010655,right
1,2022110300,76,0,0.0,right
2,2022110300,100,0,0.0,right
3,2022110300,121,0,0.0,right
4,2022110300,142,0,0.0,right
5,2022110300,168,0,0.0,right
6,2022110300,192,0,0.010002136230511383,right
7,2022110300,221,0,0.5299987792970029,right
8,2022110300,242,0,0.010002136229999792,right
9,2022110300,314,0,0.0,left
10,2022110300,369,0,0.0,left
11,2022110300,395,0,0.0,left
12,2022110300,417,0,0.0,left
13,2022110300,441,0,0.009994506835994343,left
14,2022110300,465,0,0.0,left
15,2022110300,489,0,0.0,left
16,2022110300,513,3,11.929999694824197,left
17,2022110300,537,0,0.009998321533203125,left
18,2022110300,558,0,0.0,left
19,2022110300,580,0,0.0,left
20,2022110300,604,0,0.0,left
21,2022110300,626,0,0.010002136230497172,left
22,2022110300,647,0,0.0,left
23,2022110300,676,2,0.439999580383299,left
24,2022110300,695,0,0.0,left
25,2022110300,729,0,0.0,left
26,2022110300,750,0,0.0,left
27,2022110300,798,0,0.020000457763700297,right
28,2022110300,819,0,0.0,right
29,2022110300,843,0,0.010002136230397696,right
30,2022110300,883,0,0.0,left
31,2022110300,930,0,0.0,left
32,2022110300,968,0,0.0,right
33,2022110300,992,0,0.01999664306640625,right
34,2022110300,1016,0,0.0,right
35,2022110300,1045,0,0.01999664306639204,left
36,2022110300,1069,0,0.0,left
37,2022110300,1091,0,0.0,left
38,2022110300,1112,0,0.0,left
39,2022110300,1161,0,0.01000022888180041,right
40,2022110300,1182,0,0.009998321533203125,right
41,2022110300,1208,0,0.0,right
42,2022110300,1229,0,0.0,right
43,2022110300,1253,0,0.01999664306640625,right
44,2022110300,1277,0,0.569999694824304,right
45,2022110300,1298,0,0.31999969482420454,right
46,2022110300,1319,0,0.010002136230397696,right
47,2022110300,1340,0,0.0,right
48,2022110300,1361,0,0.0,right
49,2022110300,1409,0,0.0,left
50,2022110300,1430,0,0.0,left
51,2022110300,1454,0,0.0,left
52,2022110300,1503,0,0.010002136230397696,left
53,2022110300,1534,0,0.010000228881899886,left
54,2022110300,1555,0,0.0,left
55,2022110300,1650,0,0.010002136230504277,right
56,2022110300,1677,0,0.0,right
57,2022110300,1709,0,0.0,right
58,2022110300,1738,0,0.0,right
59,2022110300,1834,0,0.0,right
60,2022110300,1853,0,0.01000022888180041,right
61,2022110300,1874,0,0.0,right
62,2022110300,1951,0,0.010002136230497172,left
63,2022110300,1973,0,0.04999542236329546,left
64,2022110300,1994,0,0.0,left
65,2022110300,2035,0,0.0,right
66,2022110300,2056,0,0.019996643066399145,right
67,2022110300,2077,0,0.00999832153319602,right
68,2022110300,2143,0,0.0,left
69,2022110300,2164,0,0.0,left
70,2022110300,2185,0,0.0,left
71,2022110300,2211,0,0.0,right
72,2022110300,2233,0,0.0,right
73,2022110300,2284,0,0.0,left
74,2022110300,2308,0,0.0,left
75,2022110300,2332,0,0.0,left
76,2022110300,2353,0,0.0,left
77,2022110300,2374,0,0.0,left
78,2022110300,2395,0,0.009998321533203125,left
79,2022110300,2416,0,0.00999832153319602,left
80,2022110300,2437,0,0.010002136230397696,left
81,2022110300,2458,0,0.0,left
82,2022110300,2479,0,0.0,left
83,2022110300,2500,0,0.0,left
84,2022110300,2556,0,0.0,right
85,2022110300,2580,0,0.0,right
86,2022110300,2620,0,0.010002136230497172,left
87,2022110300,2646,0,0.0,left
88,2022110300,2670,0,0.0,left
89,2022110300,2694,0,0.0,left
90,2022110300,2716,0,0.0,left
91,2022110300,2740,0,0.01000022888180041,left
92,2022110300,2761,1,0.14999961853019883,left
93,2022110300,2782,1,0.0799999237060991,left
94,2022110300,2851,0,0.0,right
95,2022110300,2905,0,0.0,right
96,2022110300,2926,0,0.0,right
97,2022110300,2947,0,0.0,right
98,2022110300,2981,0,0.0,right
99,2022110300,3082,0,0.010002136231008762,left
100,2022110300,3103,0,0.05000305175801145,left
101,2022110300,3122,0,0.0,left
102,2022110300,3162,0,0.00999832153319602,right
103,2022110300,3184,0,0.0,right
104,2022110300,3253,0,0.0,right
105,2022110300,3274,0,0.0,right
106,2022110300,3328,0,0.009994506835894867,right
107,2022110300,3350,0,0.0,right
108,2022110300,3369,0,0.0,right
109,2022110300,3407,0,0.0,left
110,2022110300,3435,0,0.0,left
111,2022110300,3506,0,0.0,left
112,2022110300,3538,0,0.04000091552740059,left
113,2022110300,3579,0,0.0,left
114,2022110600,56,0,0.0,left
115,2022110600,80,1,0.30999755859370737,left
116,2022110600,101,0,0.0,left
117,2022110600,122,0,0.0,left
118,2022110600,143,0,0.0,left
119,2022110600,172,0,0.049999237060600166,left
120,2022110600,194,0,0.02999973297119851,left
121,2022110600,220,0,0.0399999618530007,left
122,2022110600,273,1,0.11000061035149855,right
123,2022110600,302,0,0.0,right
124,2022110600,326,1,0.34000015258789773,right
125,2022110600,366,0,0.0,left
126,2022110600,387,0,0.0,left
127,2022110600,411,0,0.010002136230497172,left
128,2022110600,432,0,0.00999832153319602,left
129,2022110600,453,2,0.610000610351598,left
130,2022110600,477,0,0.020000457763700297,left
131,2022110600,498,0,0.0,left
132,2022110600,524,0,0.04000091552730112,left
133,2022110600,545,2,0.7299995422362997,left
134,2022110600,566,0,0.009998321533199572,left
135,2022110600,590,0,0.020000457763700297,left
136,2022110600,611,7,0.060001373291001414,left
137,2022110600,633,1,0.1199989318847976,left
138,2022110600,691,0,0.0,right
139,2022110600,712,1,0.2000007629394034,right
140,2022110600,755,0,0.010002136230497172,left
141,2022110600,796,0,0.02999877929690342,right
142,2022110600,817,0,0.0,right
143,2022110600,839,1,0.17999649047850141,right
144,2022110600,894,0,0.0,left
145,2022110600,938,0,0.0,left
146,2022110600,960,2,0.7600021362304972,left
147,2022110600,984,0,0.010002136230497172,left
148,2022110600,1005,0,0.0,left
149,2022110600,1029,0,0.0,left
150,2022110600,1058,1,0.18999862670899859,left
151,2022110600,1114,1,0.04000091552730112,left
152,2022110600,1138,1,0.13000106811519885,left
153,2022110600,1162,2,0.7900009155274006,left
154,2022110600,1186,2,0.2299995422362997,left
155,2022110600,1233,2,0.3999996185302983,left
156,2022110600,1262,1,0.06999969482419743,left
157,2022110600,1288,0,0.029999732971200288,left
158,2022110600,1341,2,0.6599998474121023,right
159,2022110600,1370,0,0.0,right
160,2022110600,1396,0,0.0,right
161,2022110600,1440,0,0.05000305175779829,left
162,2022110600,1461,0,0.0,left
163,2022110600,1497,0,0.0,left
164,2022110600,1526,0,0.06999969482430402,left
165,2022110600,1553,2,0.75,left
166,2022110600,1582,2,0.40000152587889914,left
167,2022110600,1606,0,1.5399971008300994,left
168,2022110600,1627,0,0.10000038146980117,left
169,2022110600,1657,0,0.1300001144409002,left
170,2022110600,1682,0,0.0399999618530007,left
171,2022110600,1738,2,0.8400001525879048,right
172,2022110600,1760,3,1.1900024414062997,right
173,2022110600,1782,2,0.6100006103514986,right
174,2022110600,1891,1,0.1999969482422017,left
175,2022110600,1913,0,0.020004272460894867,left
176,2022110600,1934,0,0.4199981689452983,left
177,2022110600,1975,1,0.07000350952149859,right
178,2022110600,1996,0,0.010002136230497172,right
179,2022110600,2017,0,0.0,right
180,2022110600,2038,1,0.1800003051757031,right
181,2022110600,2060,0,0.0,right
182,2022110600,2117,0,0.0,right
183,2022110600,2141,0,0.010002136230397696,right
184,2022110600,2162,0,0.0,right
185,2022110600,2183,2,0.6299972534179972,right
186,2022110600,2223,0,0.010002136230397696,left
187,2022110600,2245,0,0.0,left
188,2022110600,2266,0,0.06999969482429691,left
189,2022110600,2292,0,0.0,right
190,2022110600,2313,1,0.22000122070310368,right
191,2022110600,2337,0,0.0,right
192,2022110600,2358,2,0.6500015258789062,right
193,2022110600,2379,3,0.7699966430665057,right
194,2022110600,2400,0,0.0,right
195,2022110600,2428,2,0.689994812011804,right
196,2022110600,2449,0,0.13999938964900593,right
197,2022110600,2470,2,0.5900039672860089,right
198,2022110600,2492,0,0.0,right
199,2022110600,2548,0,0.3300018310547017,left
200,2022110600,2569,0,0.010002136230397696,left
201,2022110600,2595,0,0.25,left
202,2022110600,2617,1,0.18000030517569598,left
203,2022110600,2639,1,0.26000213623049717,left
204,2022110600,2682,0,0.0,right
205,2022110600,2703,0,0.0,right
206,2022110600,2742,0,0.0,right
207,2022110600,2782,2,0.6999969482422017,left
208,2022110600,2808,0,0.0,left
209,2022110600,2832,0,0.009998321533203125,left
210,2022110600,2853,0,0.0,left
211,2022110600,2879,0,0.0,left
212,2022110600,2928,0,0.00999832153319602,right
213,2022110600,2963,2,0.5900001525879048,right
214,2022110600,2987,0,0.020000457763700297,right
215,2022110600,3008,1,0.07999801635750003,right
216,2022110600,3032,0,0.010002136230397696,right
217,2022110600,3053,1,0.2399978637696023,right
218,2022110600,3074,0,0.13999938964850855,right
219,2022110600,3128,2,0.7300033569335938,right
220,2022110600,3152,0,0.04999542236330967,right
221,2022110600,3173,0,0.0,right
222,2022110600,3197,0,0.010002136230994552,right
223,2022110600,3218,0,0.0,right
224,2022110600,3242,2,0.31999969482419033,right
225,2022110600,3298,0,0.0,left
226,2022110600,3319,1,0.1699981689452983,left
227,2022110600,3341,2,0.650001525878892,left
228,2022110600,3388,0,0.009998321533203125,right
229,2022110600,3409,0,0.0,right
230,2022110600,3430,0,0.02999877929679684,right
231,2022110600,3497,0,0.0,right
232,2022110600,3521,2,0.6100006103514986,right
233,2022110600,3552,3,1.0699996948241903,right
234,2022110600,3574,0,0.05999755859370737,right
235,2022110600,3598,0,0.0,right
236,2022110600,3626,0,0.01999664306639204,right
237,2022110600,3654,2,0.6399993896483949,right
238,2022110600,3772,2,0.6800003051758097,right
239,2022110600,3796,0,0.009994506836008554,right
240,2022110601,56,0,0.06000137329099431,right
241,2022110601,80,1,0.12000274658199572,right
242,2022110601,104,1,0.11999893188469457,right
243,2022110601,128,0,0.010002136230497172,right
244,2022110601,196,0,0.05000305175779829,right
245,2022110601,220,0,0.01999664306639204,right
246,2022110601,242,0,0.05999755859369316,right
247,2022110601,304,0,0.0,left
248,2022110601,325,0,0.0,left
249,2022110601,349,0,0.0,left
250,2022110601,373,0,0.0,left
251,2022110601,394,0,0.15999984741209516,left
252,2022110601,451,0,0.010000228881899886,left
253,2022110601,514,0,0.009998321533203125,right
254,2022110601,535,0,0.0,right
255,2022110601,556,0,0.22000122070309658,right
256,2022110601,579,2,0.219997406005902,right
257,2022110601,601,0,0.0,right
258,2022110601,630,0,0.0,right
259,2022110601,654,0,0.6100006103514986,right
260,2022110601,676,1,0.04000091552730112,right
261,2022110601,697,0,0.010002136230497172,right
262,2022110601,718,0,0.010002136230511383,right
263,2022110601,739,0,0.16000366210928973,right
264,2022110601,760,0,0.05999755859380684,right
265,2022110601,781,0,0.019996643066505726,right
266,2022110601,802,0,0.0500030517578125,right
267,2022110601,845,0,0.0,left
268,2022110601,955,0,0.6800003051758026,right
269,2022110601,979,0,0.2099990844725994,right
270,2022110601,1003,0,0.0,right
271,2022110601,1027,0,0.010002136230497172,right
272,2022110601,1048,0,0.010002136230497172,right
273,2022110601,1083,0,0.09999847412100848,right
274,2022110601,1148,0,0.09999847412110796,left
275,2022110601,1169,1,0.3500061035155966,left
276,2022110601,1211,0,0.08999633789061079,left
277,2022110601,1294,0,0.010002136230497172,left
278,2022110601,1323,4,1.2399978637695028,left
279,2022110601,1344,0,0.03000640869139204,left
280,2022110601,1365,1,0.4500007629394034,left
281,2022110601,1391,0,0.00999832153319602,left
282,2022110601,1428,0,0.0,left
283,2022110601,1452,0,0.06999969482419743,left
284,2022110601,1497,1,0.06999969482419743,left
285,2022110601,1518,0,0.06999969482419743,left
286,2022110601,1539,0,0.11000061035159803,left
287,2022110601,1560,1,0.1499996185302983,left
288,2022110601,1625,0,0.0,right
289,2022110601,1646,0,0.009998321533203125,right
290,2022110601,1667,0,0.2299995422362997,right
291,2022110601,1689,0,0.010002136230397696,right
292,2022110601,1713,0,0.010002136230497172,right
293,2022110601,1757,0,0.010002136230397696,right
294,2022110601,1791,0,0.009994506836008554,right
295,2022110601,1905,0,0.0,right
296,2022110601,1929,0,0.0,right
297,2022110601,1950,0,0.0,right
298,2022110601,1971,2,0.22000122070319605,right
299,2022110601,2039,3,1.9800033569335938,left
300,2022110601,2063,0,0.05000305175779829,left
301,2022110601,2084,1,0.10000610351559658,left
302,2022110601,2144,0,0.02999877929690342,right
303,2022110601,2176,0,0.0,right
304,2022110601,2200,0,0.0,right
305,2022110601,2224,0,0.0,right
306,2022110601,2245,0,0.0,right
307,2022110601,2269,0,0.04000091552730112,right
308,2022110601,2290,0,0.010002136230497172,right
309,2022110601,2336,0,0.05999755859370737,right
310,2022110601,2357,0,0.010002136230994552,right
311,2022110601,2379,0,0.019996643065994135,right
312,2022110601,2437,1,0.18000030517579546,left
313,2022110601,2490,3,1.360000610351591,left
314,2022110601,2512,0,0.02999877929690342,left
315,2022110601,2564,0,0.0,right
316,2022110601,2595,0,0.5199966430664062,right
317,2022110601,2616,0,0.0,right
318,2022110601,2640,0,0.0,right
319,2022110601,2679,0,0.0,right
320,2022110601,2738,0,0.0,left
321,2022110601,2759,8,3.2200012207030966,left
322,2022110601,2780,0,0.05999755859380684,left
323,2022110601,2820,0,0.04999923706050424,right
324,2022110601,2841,0,0.0,right
325,2022110601,2863,0,0.0,right
326,2022110601,2887,0,0.0,right
327,2022110601,2908,2,0.3299942016601989,right
328,2022110601,2932,0,0.060005187988195985,right
329,2022110601,2953,0,0.12000274658200283,right
330,2022110601,3018,0,0.16000366210940342,left
331,2022110601,3094,0,0.0,left
332,2022110601,3188,0,0.0,left
333,2022110601,3217,1,0.12999916076660156,right
334,2022110601,3245,2,0.4500007629394034,right
335,2022110601,3266,2,0.5699996948242045,right
336,2022110601,3287,1,0.13999938964840197,right
337,2022110601,3309,0,0.06999969482419743,right
338,2022110601,3330,2,1.0599975585937997,right
339,2022110601,3351,0,0.13000106811529832,right
340,2022110601,3370,0,0.0,right
341,2022110601,3394,1,0.10000228881840201,right
342,2022110601,3456,0,0.02000427246090908,left
343,2022110601,3484,0,0.0,left
344,2022110601,3538,1,0.6100006103516051,right
345,2022110601,3562,0,0.8199996948241974,right
346,2022110601,3583,2,0.34999847412110086,right
347,2022110601,3639,0,0.009998321533203125,right
348,2022110601,3661,0,0.0,right
349,2022110602,79,0,0.0,left
350,2022110602,103,2,0.660003662109304,left
351,2022110602,124,1,0.31000518798830967,left
352,2022110602,148,0,0.06999969482419033,left
353,2022110602,177,0,0.010002136230397696,left
354,2022110602,206,0,0.009998321533203125,left
355,2022110602,230,0,0.01000022888180041,left
356,2022110602,253,0,0.0,left
357,2022110602,274,0,0.0,left
358,2022110602,327,0,0.0,right
359,2022110602,348,0,0.04999923706059661,right
360,2022110602,369,0,0.0,right
361,2022110602,423,1,0.02999877929690342,left
362,2022110602,445,0,0.0800018310546875,left
363,2022110602,469,0,0.0,left
364,2022110602,510,0,0.029998779296896316,right
365,2022110602,532,0,0.11000061035159803,right
366,2022110602,560,0,0.0,right
367,2022110602,612,1,0.09999847412110796,left
368,2022110602,633,1,0.18999481201180402,left
369,2022110602,657,0,0.009994506835994343,left
370,2022110602,678,0,0.0,left
371,2022110602,722,0,0.0,left
372,2022110602,746,0,0.0,left
373,2022110602,767,3,0.2800006866455007,left
374,2022110602,788,0,0.010000228881899886,left
375,2022110602,828,0,0.0,right
376,2022110602,852,0,0.11000061035099407,right
377,2022110602,946,0,0.010002136230497172,left
378,2022110602,967,1,0.09000396728519888,left
379,2022110602,1014,0,0.010002136230497172,left
380,2022110602,1090,0,0.0,right
381,2022110602,1114,0,0.11000061035160513,right
382,2022110602,1140,2,0.650001525878892,right
383,2022110602,1162,1,0.23000335693360796,right
384,2022110602,1191,1,0.16999816894539777,right
385,2022110602,1212,0,0.12999725341799717,right
386,2022110602,1272,6,3.150001525878892,right
387,2022110602,1299,0,0.3099975585939916,right
388,2022110602,1320,0,0.0,right
389,2022110602,1380,0,0.010002136230497172,left
390,2022110602,1401,0,0.01999664306640625,left
391,2022110602,1440,0,0.0,right
392,2022110602,1464,0,0.9399999999999977,right
393,2022110602,1497,0,0.009994506836008554,right
394,2022110602,1518,2,1.0999984741209943,right
395,2022110602,1546,0,0.08999633789099448,right
396,2022110602,1610,0,0.020004272460894867,left
397,2022110602,1664,0,0.0,left
398,2022110602,1686,0,0.0,left
399,2022110602,1707,2,0.6499938964844034,left
400,2022110602,1771,2,0.7600002288818004,right
401,2022110602,1792,0,0.0,right
402,2022110602,1828,1,0.15000152587889914,right
403,2022110602,1850,1,0.15999984741210227,right
404,2022110602,1917,1,0.7200012207030966,left
405,2022110602,1946,0,0.009994506836008554,left
406,2022110602,1972,0,0.0,right
407,2022110602,1993,0,0.0,right
408,2022110602,2017,0,0.009994506835909078,right
409,2022110602,2039,1,0.0900039672850994,right
410,2022110602,2098,0,0.0,right
411,2022110602,2223,1,0.11999893188480115,left
412,2022110602,2245,1,0.13999938964840197,left
413,2022110602,2279,0,0.149997711181598,left
414,2022110602,2323,1,0.060001373291001414,left
415,2022110602,2347,0,0.0,left
416,2022110602,2368,0,0.0,left
417,2022110602,2392,1,0.2900009155274006,left
418,2022110602,2414,1,0.15999984741210227,left
419,2022110602,2493,0,0.0,right
420,2022110602,2517,1,0.13999938964839487,right
421,2022110602,2548,0,0.009998321533203125,right
422,2022110602,2570,0,0.0,right
423,2022110602,2594,0,0.02999877929690342,right
424,2022110602,2617,0,0.04000091552729401,right
425,2022110602,2638,0,0.010002136230504277,right
426,2022110602,2659,0,0.0,right
427,2022110602,2680,0,0.009994506835909078,right
428,2022110602,2711,0,0.5599975585937074,right
429,2022110602,2806,2,0.6600036621092897,left
430,2022110602,2827,0,0.0,left
431,2022110602,2849,1,0.30999755859370737,left
432,2022110602,2907,0,0.050001144409201004,right
433,2022110602,2928,0,0.0,right
434,2022110602,2949,0,0.00999832153319602,right
435,2022110602,2970,0,0.0,right
436,2022110602,2993,0,0.0,right
437,2022110602,3021,0,0.0,right
438,2022110602,3064,0,0.0,left
439,2022110602,3085,0,0.0,left
440,2022110602,3106,0,0.0,left
441,2022110602,3144,0,0.0,right
442,2022110602,3165,0,0.0,right
443,2022110602,3189,1,0.569999694824304,right
444,2022110602,3213,1,0.34000015258789773,right
445,2022110602,3234,0,0.0,right
446,2022110602,3268,0,0.009994506835894867,right
447,2022110602,3337,0,0.05000305175779829,right
448,2022110602,3361,0,0.010002136230497172,right
449,2022110602,3424,0,0.0,left
450,2022110602,3471,0,0.0,left
451,2022110602,3492,0,0.0,left
452,2022110602,3513,1,0.7900009155274006,left
453,2022110602,3557,0,0.0,right
454,2022110602,3579,0,0.0,right
455,2022110602,3603,2,0.40000152587889914,right
456,2022110602,3624,1,0.44000244140620026,right
457,2022110602,3645,0,0.009994506835909078,right
458,2022110602,3680,0,0.010002136230497172,right
459,2022110602,3702,0,0.0,right
460,2022110602,3738,0,0.0,right
461,2022110602,3760,0,0.009994506835994343,right
462,2022110602,3781,1,0.16999816894499986,right
463,2022110602,3846,0,0.010002136230397696,left
464,2022110602,3867,0,0.009994506835894867,left
465,2022110603,64,0,0.0,left
466,2022110603,87,0,0.0,left
467,2022110603,111,0,0.0,left
468,2022110603,132,0,0.0,left
469,2022110603,153,0,0.0,left
470,2022110603,182,0,0.010000228881796858,left
471,2022110603,203,0,0.0,left
472,2022110603,229,0,0.020000457763700297,left
473,2022110603,250,0,0.0,left
474,2022110603,305,0,0.0,right
475,2022110603,331,2,0.6199989318848012,right
476,2022110603,353,2,0.860000610351598,right
477,2022110603,374,0,0.0,right
478,2022110603,398,0,0.0,right
479,2022110603,420,2,0.8100013732910014,right
480,2022110603,441,0,0.0,right
481,2022110603,462,2,0.5699996948241903,right
482,2022110603,486,0,0.0,right
483,2022110603,510,0,0.009994506835909078,right
484,2022110603,534,1,0.8799972534179972,right
485,2022110603,558,0,0.0,right
486,2022110603,585,0,0.0,left
487,2022110603,649,2,0.7300033569335938,left
488,2022110603,671,2,0.75,left
489,2022110603,718,0,0.009998321533203125,right
490,2022110603,772,1,0.04999923706060372,right
491,2022110603,796,2,0.6199989318848012,right
492,2022110603,832,0,0.0,right
493,2022110603,853,0,0.0,right
494,2022110603,875,0,0.0,right
495,2022110603,915,0,0.07999992370610087,left
496,2022110603,944,0,0.0,right
497,2022110603,967,0,0.0,right
498,2022110603,1011,1,0.319999694824201,right
499,2022110603,1035,0,0.0,right
500,2022110603,1064,0,0.0,right
501,2022110603,1085,1,0.34000015258789773,right
502,2022110603,1117,2,0.9599990844726989,right
503,2022110603,1146,0,0.0,right
504,2022110603,1217,2,0.639999389647997,left
505,2022110603,1238,1,0.15000152587899152,left
506,2022110603,1267,0,0.0,left
507,2022110603,1288,0,0.0,left
508,2022110603,1312,0,0.0,left
509,2022110603,1333,0,0.0,left
510,2022110603,1354,1,0.04999923706049714,left
511,2022110603,1378,0,0.0,left
512,2022110603,1399,0,0.00999832153319602,left
513,2022110603,1418,0,0.0,left
514,2022110603,1442,1,0.020000457763700297,left
515,2022110603,1473,0,0.00999832153319602,right
516,2022110603,1552,2,0.6999969482422017,right
517,2022110603,1573,0,0.08000183105470171,right
518,2022110603,1624,0,0.010002136230397696,right
519,2022110603,1645,2,0.6000061035155966,right
520,2022110603,1676,0,0.020004272461008554,right
521,2022110603,1706,0,0.08000183105400538,right
522,2022110603,1826,0,0.13999938964849434,left
523,2022110603,1898,0,0.0,left
524,2022110603,1919,0,0.010002136230497172,left
525,2022110603,1941,1,0.11000061035160513,left
526,2022110603,1969,0,0.0,left
527,2022110603,1990,0,0.0,left
528,2022110603,2019,1,0.13000106811519885,left
529,2022110603,2060,0,0.0,right
530,2022110603,2084,0,0.0,right
531,2022110603,2135,0,0.0,right
532,2022110603,2168,0,0.0,left
533,2022110603,2189,1,0.490001678466804,left
534,2022110603,2220,0,0.0,right
535,2022110603,2242,0,0.9899997711181001,right
536,2022110603,2263,1,0.18000030517580257,right
537,2022110603,2304,0,0.0,left
538,2022110603,2325,1,0.18999862670899859,left
539,2022110603,2349,0,0.0,left
540,2022110603,2370,0,0.0,left
541,2022110603,2395,0,0.009998321533203125,left
542,2022110603,2427,0,0.0,left
543,2022110603,2460,0,0.0,left
544,2022110603,2521,0,0.0,right
545,2022110603,2578,1,0.2099990844725994,right
546,2022110603,2633,0,0.0,right
547,2022110603,2654,0,0.020000457763700297,right
548,2022110603,2675,0,0.0,right
549,2022110603,2717,3,0.5499992370605966,right
550,2022110603,2738,0,0.0,right
551,2022110603,2761,1,0.40000152587889204,right
552,2022110603,2785,0,0.25,right
553,2022110603,2806,3,1.0100021362299998,right
554,2022110603,2846,0,0.0,left
555,2022110603,2874,0,0.020000457763700297,left
556,2022110603,2930,0,0.009998321533203125,right
557,2022110603,2951,1,0.020000457763593715,right
558,2022110603,2978,0,0.010002136230504277,right
559,2022110603,3042,1,0.04999923706050424,right
560,2022110603,3064,2,0.6500015258788991,right
561,2022110603,3085,2,0.6499977111816051,right
562,2022110603,3106,2,0.6399993896485086,right
563,2022110603,3127,0,0.009994506836008554,right
564,2022110603,3156,1,0.0,right
565,2022110603,3215,0,0.009994506835994343,right
566,2022110603,3274,1,0.1200027465821023,right
567,2022110603,3298,1,0.19000244140619316,right
568,2022110603,3322,1,0.16000366211000028,right
569,2022110603,3417,0,0.0,left
570,2022110603,3439,1,0.2799987792969034,left
571,2022110603,3477,0,0.010002136230497172,left
572,2022110603,3498,0,0.010002136230497172,left
573,2022110603,3522,0,0.0,left
574,2022110603,3551,0,0.010002136230504277,left
575,2022110603,3572,0,0.0,left
576,2022110603,3593,0,0.0,left
577,2022110603,3614,2,0.6499977111816975,left
578,2022110603,3636,1,0.15000152587889914,right
579,2022110603,3667,0,0.010002136230504277,right
580,2022110603,3689,0,0.0,right
581,2022110603,3784,1,0.23000335693349427,right
582,2022110603,3813,1,0.319999694824304,right
583,2022110603,3835,2,0.7000045776366903,right
584,2022110603,3857,1,0.010002136230497172,right
585,2022110603,3886,0,0.04000091552730112,left
586,2022110604,56,0,0.010002136230397696,left
587,2022110604,78,0,0.02999877929690342,left
588,2022110604,107,0,0.010002136230397696,left
589,2022110604,151,2,0.7200012207031037,right
590,2022110604,173,1,0.10000228881830253,right
591,2022110604,194,2,0.7400016784667969,right
592,2022110604,221,2,0.6700019836425994,right
593,2022110604,245,0,0.010002136230397696,right
594,2022110604,266,0,0.05999755859380684,right
595,2022110604,287,2,1.0400009155274006,right
596,2022110604,328,1,1.9099960327149006,left
597,2022110604,354,0,0.0,left
598,2022110604,383,0,0.12000274658198862,left
599,2022110604,442,0,0.02999877929690342,left
600,2022110604,498,0,0.0,left
601,2022110604,520,0,0.0,left
602,2022110604,542,0,0.0,left
603,2022110604,571,0,0.029998779296896316,left
604,2022110604,595,0,0.0,left
605,2022110604,625,0,0.04000091552730112,left
606,2022110604,699,0,0.030000686645600183,right
607,2022110604,721,1,0.180000305175799,right
608,2022110604,742,0,0.04999923706049714,right
609,2022110604,788,0,0.010002136230497172,left
610,2022110604,812,0,0.009998321533203125,left
611,2022110604,838,0,0.01999664306640625,left
612,2022110604,926,0,0.010002136230397696,right
613,2022110604,948,0,0.0,right
614,2022110604,1006,0,0.010002136230397696,left
615,2022110604,1030,0,0.009994506836008554,left
616,2022110604,1051,0,0.0,left
617,2022110604,1109,0,0.02000045776360082,right
618,2022110604,1130,0,0.0,right
619,2022110604,1154,0,0.03000640869139204,right
620,2022110604,1212,1,0.13999938964839487,left
621,2022110604,1233,0,0.01999664306640625,left
622,2022110604,1254,1,0.13999938964840908,left
623,2022110604,1283,1,0.009998321533203125,left
624,2022110604,1304,1,0.11999893188480115,left
625,2022110604,1328,0,0.0,left
626,2022110604,1354,0,0.0,left
627,2022110604,1375,1,0.18000030517580257,left
628,2022110604,1404,0,0.04999923706050069,left
629,2022110604,1425,0,0.0,left
630,2022110604,1495,0,0.020000457763700297,right
631,2022110604,1519,0,0.010002136230497172,right
632,2022110604,1542,0,0.029998779296896316,right
633,2022110604,1563,0,0.020000457763700297,right
634,2022110604,1584,0,0.020000457763700297,right
635,2022110604,1620,0,0.010002136230497172,right
636,2022110604,1641,0,0.03000640869139204,right
637,2022110604,1670,0,0.2799987792969034,right
638,2022110604,1691,0,0.03000640869139204,right
639,2022110604,1754,1,0.05000305175779829,left
640,2022110604,1778,1,0.04000091552740059,left
641,2022110604,1805,1,0.05999755859379263,left
642,2022110604,1826,0,0.06999969482420454,left
643,2022110604,1862,1,0.15999984741210227,left
644,2022110604,1886,1,0.04999923706049714,left
645,2022110604,1924,0,0.3599967956542969,left
646,2022110604,2009,1,0.02999877929690342,left
647,2022110604,2030,0,0.0,left
648,2022110604,2065,0,0.00999832153319602,left
649,2022110604,2094,1,0.06999969482420099,left
650,2022110604,2138,0,0.0,left
651,2022110604,2162,1,0.13000106811519885,left
652,2022110604,2218,0,0.37000083923339844,left
653,2022110604,2242,1,0.09999847412110086,left
654,2022110604,2316,0,0.17000007629390268,right
655,2022110604,2337,0,0.0,right
656,2022110604,2381,0,0.0,right
657,2022110604,2405,0,0.010002136230397696,right
658,2022110604,2445,0,0.0,left
659,2022110604,2469,0,0.010002136230397696,left
660,2022110604,2490,2,0.5800018310547017,left
661,2022110604,2514,1,0.12999725341799717,left
662,2022110604,2538,0,0.00999832153319602,left
663,2022110604,2559,1,0.02999877929690342,left
664,2022110604,2583,0,0.009998321533203125,left
665,2022110604,2604,1,4.999998626708997,left
666,2022110604,2625,0,0.2700004577637003,left
667,2022110604,2649,1,0.09000015258789773,left
668,2022110604,2670,0,0.020000457763700297,left
669,2022110604,2710,10,0.810005187989006,right
670,2022110604,2797,0,0.12999725341799717,left
671,2022110604,2821,0,0.38999938964839487,left
672,2022110604,2843,0,0.010002136230497172,left
673,2022110604,2864,0,0.0,left
674,2022110604,2888,0,0.01999664306640625,left
675,2022110604,2930,0,0.010002136230504277,left
676,2022110604,2951,0,0.06999969482429691,left
677,2022110604,2972,0,0.0,left
678,2022110604,3026,0,0.0,right
679,2022110604,3047,1,0.09000015258780181,right
680,2022110604,3082,1,0.0800018310546946,right
681,2022110604,3103,0,0.010002136230504277,right
682,2022110604,3127,2,0.6100006103514986,right
683,2022110604,3179,0,0.0,left
684,2022110604,3201,0,0.010002136230497172,left
685,2022110604,3225,0,0.0,left
686,2022110604,3314,0,0.05000114440919745,right
687,2022110604,3340,1,0.04000091552730112,right
688,2022110604,3364,0,0.00999832153319602,right
689,2022110604,3388,2,0.6899986267089986,right
690,2022110604,3424,0,0.0,right
691,2022110604,3466,0,0.010002136230511383,right
692,2022110604,3494,0,0.020004272460894867,right
693,2022110604,3567,0,0.0,left
694,2022110604,3594,0,0.009994506835894867,left
695,2022110604,3616,0,0.0,left
696,2022110604,3638,0,0.0,left
697,2022110604,3660,0,0.0799942016602131,right
698,2022110604,3681,0,0.0,right
699,2022110604,3709,0,0.010002136230511383,right
700,2022110604,3787,0,0.0,left
701,2022110604,3809,0,0.0,left
702,2022110604,3831,0,0.03000640869140625,left
703,2022110604,3850,0,0.5,left
704,2022110605,56,0,0.009998321533203125,right
705,2022110605,77,0,0.00999832153319602,right
706,2022110605,99,0,0.010002136230397696,right
707,2022110605,146,4,0.6500015258789062,left
708,2022110605,174,0,0.0,left
709,2022110605,225,0,0.05000305175779829,left
710,2022110605,247,0,0.010002136230497172,left
711,2022110605,268,0,0.0,left
712,2022110605,308,3,0.4399986267089986,right
713,2022110605,329,0,0.009999275207499991,right
714,2022110605,398,0,0.009998321533203125,left
715,2022110605,419,0,0.010002136230504277,left
716,2022110605,477,0,0.0,right
717,2022110605,498,0,0.01000022888180041,right
718,2022110605,522,0,0.009998321533203125,right
719,2022110605,545,5,0.4399986267089986,right
720,2022110605,566,0,0.9700012207031037,right
721,2022110605,585,0,0.36000061035160513,right
722,2022110605,634,0,0.010002136230397696,left
723,2022110605,655,0,0.010002136230397696,left
724,2022110605,676,0,0.05000305175779829,left
725,2022110605,714,0,0.0,right
726,2022110605,738,5,0.5699996948242969,right
727,2022110605,783,0,0.0,left
728,2022110605,804,0,0.43000030517580257,left
729,2022110605,828,0,0.00999832153319602,left
730,2022110605,884,0,0.009998321533203125,right
731,2022110605,905,0,0.00999832153319602,right
732,2022110605,926,0,0.0,right
733,2022110605,982,0,0.02999877929690342,left
734,2022110605,1006,0,0.00999832153319602,left
735,2022110605,1030,0,0.20999908447269888,left
736,2022110605,1083,0,0.04999923706059661,left
737,2022110605,1104,0,0.0,left
738,2022110605,1125,0,0.0,left
739,2022110605,1181,0,0.06999969482419743,right
740,2022110605,1203,0,1.0699996948242045,right
741,2022110605,1264,0,0.0,right
742,2022110605,1315,0,0.28000068664549893,left
743,2022110605,1336,0,0.06000041961669922,left
744,2022110605,1401,0,0.0,right
745,2022110605,1422,0,0.0,right
746,2022110605,1446,0,0.010002136230397696,right
747,2022110605,1467,0,0.0,right
748,2022110605,1489,0,0.0,right
749,2022110605,1551,0,0.0,left
750,2022110605,1572,0,0.029998779296789735,left
751,2022110605,1593,0,0.0,left
752,2022110605,1700,0,0.0,right
753,2022110605,1721,0,0.36000061035160513,right
754,2022110605,1770,0,0.09999847412110086,right
755,2022110605,1796,0,0.0,right
756,2022110605,1827,0,0.0,right
757,2022110605,1863,0,0.1999969482422017,right
758,2022110605,1892,0,0.06999969482419033,right
759,2022110605,1954,0,0.01999664306640625,right
760,2022110605,1993,0,0.18000030517579546,left
761,2022110605,2048,0,0.01999664306640625,left
762,2022110605,2069,0,0.0,left
763,2022110605,2091,0,0.04999542236329546,left
764,2022110605,2150,0,0.34000015258789773,right
765,2022110605,2190,0,0.010002136230497172,left
766,2022110605,2214,0,0.009998321533203125,left
767,2022110605,2235,0,0.020000457763700297,left
768,2022110605,2267,0,0.049999237060600166,left
769,2022110605,2288,0,0.020000457763700297,left
770,2022110605,2309,0,0.0,left
771,2022110605,2333,0,0.009998321533199572,left
772,2022110605,2397,0,0.0,right
773,2022110605,2426,0,0.010002136230504277,right
774,2022110605,2447,0,0.010002136230497172,right
775,2022110605,2471,0,0.0,right
776,2022110605,2495,0,0.009998321533203125,right
777,2022110605,2522,0,0.08999633789059658,right
778,2022110605,2543,0,0.009994506835994343,right
779,2022110605,2565,0,0.0,right
780,2022110605,2628,0,0.05999755859379263,left
781,2022110605,2657,0,0.04000091552740059,left
782,2022110605,2681,0,0.02999877929690342,left
783,2022110605,2744,0,0.0,right
784,2022110605,2766,1,0.40999984741210227,right
785,2022110605,2787,5,0.6000003814696981,right
786,2022110605,2850,0,0.010002136230397696,left
787,2022110605,2874,0,0.08000183105470171,left
788,2022110605,2900,0,0.0,left
789,2022110605,2942,0,0.009998321533203125,right
790,2022110605,2963,0,0.0,left
791,2022110605,2985,0,0.00999832153319602,left
792,2022110605,3009,0,0.0,left
793,2022110605,3033,0,0.3599987030028977,left
794,2022110605,3054,0,0.010000228881796858,left
795,2022110605,3078,0,0.0799999237060014,left
796,2022110605,3105,0,6.350000000000001,left
797,2022110605,3126,0,0.0,left
798,2022110605,3147,0,0.0,left
799,2022110605,3238,0,0.0,right
800,2022110605,3260,0,0.2299995422362997,right
801,2022110605,3279,0,0.32999992370599784,right
802,2022110605,3328,0,0.010002136230497172,left
803,2022110605,3349,0,0.31999969482420454,left
804,2022110605,3370,0,0.09999847412109375,left
805,2022110605,3394,5,1.8300018310547017,left
806,2022110605,3434,0,0.04999923706050424,left
807,2022110605,3458,0,0.0,left
808,2022110605,3520,0,0.0,right
809,2022110605,3549,0,0.2700004577637003,right
810,2022110605,3626,0,0.010002136230497172,right
811,2022110605,3676,1,0.9099998474120952,right
812,2022110605,3700,0,0.010002136230504277,right
813,2022110605,3722,0,0.010002136230504277,right
814,2022110605,3744,0,0.010002136230497172,right
815,2022110605,3766,0,0.010002136230397696,left
816,2022110605,3794,0,0.010002136230504277,left
817,2022110605,3822,0,0.0,left
818,2022110605,3861,0,0.010002136230497172,right
819,2022110606,65,0,0.019996643066399145,right
820,2022110606,98,10,3.9499969482422017,right
821,2022110606,120,1,0.6399993896485086,right
822,2022110606,151,0,0.01999664306640625,left
823,2022110606,172,3,1.310005187987997,left
824,2022110606,194,0,0.0,left
825,2022110606,240,0,0.029998779296896316,right
826,2022110606,261,0,0.0,right
827,2022110606,287,0,0.0,right
828,2022110606,309,0,0.0,right
829,2022110606,330,0,0.0,right
830,2022110606,354,0,0.0,right
831,2022110606,378,0,0.06999969482419033,right
832,2022110606,402,0,0.009994506835909078,right
833,2022110606,423,0,0.0,right
834,2022110606,447,0,0.0,right
835,2022110606,468,0,0.2099990844727131,right
836,2022110606,517,0,0.0,right
837,2022110606,590,0,0.04000091552700269,right
838,2022110606,659,0,0.009994506835994343,left
839,2022110606,683,0,0.0,left
840,2022110606,704,0,0.0,left
841,2022110606,736,0,0.04999923706060372,left
842,2022110606,760,0,0.0,left
843,2022110606,796,0,0.0,left
844,2022110606,870,0,0.0800018310546946,right
845,2022110606,913,0,0.0,left
846,2022110606,941,0,0.07999420166019888,left
847,2022110606,968,0,0.0,left
848,2022110606,990,0,0.0,left
849,2022110606,1036,0,0.0,right
850,2022110606,1060,0,0.009998321533203125,right
851,2022110606,1081,0,0.010002136230504277,right
852,2022110606,1107,0,0.0,right
853,2022110606,1131,1,0.22000122070309658,right
854,2022110606,1172,0,0.04999542236299703,left
855,2022110606,1193,0,0.0,left
856,2022110606,1217,0,0.0,left
857,2022110606,1241,0,1.3199996948242045,left
858,2022110606,1265,0,0.0,left
859,2022110606,1315,3,0.9700012207031037,left
860,2022110606,1414,0,0.0,right
861,2022110606,1438,1,0.2900009155274006,right
862,2022110606,1459,0,0.00999832153319602,right
863,2022110606,1506,1,0.2900009155274006,right
864,2022110606,1531,0,0.0,right
865,2022110606,1576,0,0.0,right
866,2022110606,1604,1,0.08000183105470171,right
867,2022110606,1625,3,5.299999999999997,right
868,2022110606,1656,0,0.0,right
869,2022110606,1701,1,0.4499969482422017,right
870,2022110606,1732,0,0.0,right
871,2022110606,1780,0,0.04999542236330967,left
872,2022110606,1804,0,0.0,left
873,2022110606,1835,0,0.0,left
874,2022110606,1864,0,0.0,left
875,2022110606,1886,0,0.0,left
876,2022110606,1982,0,0.010002136230397696,left
877,2022110606,2006,0,0.010002136230397696,left
878,2022110606,2027,0,0.0,left
879,2022110606,2051,4,13.739999999999995,left
880,2022110606,2097,0,0.0,left
881,2022110606,2140,0,0.20000076293939628,left
882,2022110606,2161,0,0.0,left
883,2022110606,2185,1,0.06999969482419743,left
884,2022110606,2206,0,0.0,left
885,2022110606,2257,1,0.15999984741209516,left
886,2022110606,2281,0,0.0,left
887,2022110606,2302,0,0.01000022888180041,left
888,2022110606,2331,0,0.060001373291001414,right
889,2022110606,2350,0,0.0,right
890,2022110606,2376,0,0.0,left
891,2022110606,2411,0,0.01000022888180041,left
892,2022110606,2433,1,0.20000076293939983,left
893,2022110606,2455,0,0.0,left
894,2022110606,2510,0,0.030002593994097992,right
895,2022110606,2533,0,0.00999832153319602,right
896,2022110606,2580,0,0.02000045776360082,right
897,2022110606,2606,0,0.010002136230397696,right
898,2022110606,2629,0,0.0,right
899,2022110606,2653,0,0.0,right
900,2022110606,2719,0,0.0,left
901,2022110606,2747,0,0.009998321533203125,left
902,2022110606,2825,0,0.04000091552730112,right
903,2022110606,2847,0,0.15999984741209516,right
904,2022110606,2868,0,0.0,right
905,2022110606,2920,0,0.01999664306639204,left
906,2022110606,2941,0,0.010002136230397696,left
907,2022110606,2965,0,0.0,left
908,2022110606,2993,0,0.0,left
909,2022110606,3017,0,0.05999755859379974,left
910,2022110606,3040,0,0.029998779296896316,left
911,2022110606,3059,0,0.0,left
912,2022110606,3081,4,0.9899978637696023,left
913,2022110606,3122,0,0.0,right
914,2022110606,3143,0,0.01000022888180041,right
915,2022110606,3164,0,0.04000091552740059,right
916,2022110606,3185,0,0.0,right
917,2022110606,3229,0,0.010002136230497172,right
918,2022110606,3250,0,0.0,right
919,2022110606,3274,0,0.010002136230497172,right
920,2022110606,3295,0,0.010002136230497172,right
921,2022110606,3316,0,0.13999938964839487,right
922,2022110606,3340,0,0.0,right
923,2022110606,3368,0,0.04000091552799745,right
924,2022110606,3396,0,0.43000030517499965,right
925,2022110606,3498,0,0.08999633789059658,left
926,2022110606,3559,0,0.08000183105470171,left
927,2022110606,3581,0,0.009994506835894867,left
928,2022110606,3610,0,0.0,right
929,2022110607,63,1,0.8999996185302983,right
930,2022110607,84,0,0.11000061035160158,right
931,2022110607,108,1,0.2999992370606037,right
932,2022110607,132,0,0.009998321533203125,right
933,2022110607,153,0,0.0,right
934,2022110607,174,1,0.27000427246099434,right
935,2022110607,203,0,0.009994506836008554,right
936,2022110607,227,0,0.010002136230497172,right
937,2022110607,248,1,0.18999481201198876,right
938,2022110607,304,0,0.0,left
939,2022110607,325,0,0.0,left
940,2022110607,354,0,0.009994506835909078,left
941,2022110607,375,0,0.010002136230497172,left
942,2022110607,440,0,0.0,right
943,2022110607,461,0,0.010000228881899886,right
944,2022110607,485,0,0.02000045776360082,right
945,2022110607,540,1,0.0,left
946,2022110607,561,0,0.0,left
947,2022110607,580,0,0.0,left
948,2022110607,606,0,0.0,left
949,2022110607,649,0,0.0,right
950,2022110607,673,0,0.010000228881899886,right
951,2022110607,697,0,0.0,right
952,2022110607,737,0,0.0,left
953,2022110607,758,0,0.010002136230397696,left
954,2022110607,782,1,0.06999969482419033,left
955,2022110607,829,0,0.0,right
956,2022110607,853,0,0.0,right
957,2022110607,875,0,0.0,right
958,2022110607,896,0,0.009998321533203125,right
959,2022110607,940,0,0.0,left
960,2022110607,961,0,0.0,left
961,2022110607,987,0,0.010002136230397696,left
962,2022110607,1016,0,0.01999664306640625,left
963,2022110607,1037,1,0.09000015258789773,left
964,2022110607,1059,1,0.0,left
965,2022110607,1100,0,0.199998855590799,right
966,2022110607,1121,0,0.0,right
967,2022110607,1142,0,0.0,right
968,2022110607,1166,0,0.009998321533203125,right
969,2022110607,1209,0,0.029998779296896316,right
970,2022110607,1230,0,0.0,right
971,2022110607,1251,0,0.0,right
972,2022110607,1292,0,0.0,left
973,2022110607,1313,0,0.0,left
974,2022110607,1418,0,0.0,right
975,2022110607,1439,0,0.0,right
976,2022110607,1491,0,0.010002136230497172,right
977,2022110607,1533,0,0.009994506835909078,right
978,2022110607,1555,0,0.010002136230497172,right
979,2022110607,1579,0,0.05000305175779829,right
980,2022110607,1608,0,0.0,right
981,2022110607,1630,0,0.0,right
982,2022110607,1686,0,0.010002136230397696,left
983,2022110607,1710,0,0.009994506835909078,left
984,2022110607,1739,0,0.010002136230497172,left
985,2022110607,1766,0,0.0,left
986,2022110607,1828,0,0.0,left
987,2022110607,1855,0,0.020000457763700297,right
988,2022110607,1919,0,0.0,right
989,2022110607,1940,0,0.0,right
990,2022110607,2036,0,0.020004272460894867,left
991,2022110607,2058,0,0.009994506835994343,left
992,2022110607,2079,0,0.0,left
993,2022110607,2103,0,0.0,left
994,2022110607,2125,0,0.009994506836008554,left
995,2022110607,2193,0,0.0,right
996,2022110607,2217,0,0.010000228881899886,right
997,2022110607,2238,0,0.0,right
998,2022110607,2259,0,0.009998321533203125,right
999,2022110607,2288,0,0.0,right
1000,2022110607,2309,0,0.0,right
1001,2022110607,2333,0,0.19000244140620026,right
1002,2022110607,2367,0,0.009994506836008554,right
1003,2022110607,2388,0,0.0,right
1004,2022110607,2409,0,0.009994506835994343,right
1005,2022110607,2438,0,0.0,left
1006,2022110607,2462,1,0.2900009155273011,left
1007,2022110607,2484,0,0.0,left
1008,2022110607,2536,0,0.0,right
1009,2022110607,2557,1,0.22000122070310368,right
1010,2022110607,2578,0,0.0,right
1011,2022110607,2602,0,0.0,right
1012,2022110607,2624,0,0.010002136230504277,right
1013,2022110607,2688,0,0.010002136230397696,right
1014,2022110607,2709,0,0.0,right
1015,2022110607,2731,0,0.0,right
1016,2022110607,2806,0,0.0,left
1017,2022110607,2827,0,0.0,left
1018,2022110607,2883,0,0.009998321533203125,right
1019,2022110607,2965,0,0.00999832153319602,right
1020,2022110607,2984,1,0.3300018310547017,right
1021,2022110607,3019,1,0.020000457763700297,right
1022,2022110607,3070,1,0.25,right
1023,2022110607,3092,1,0.30999755859369316,right
1024,2022110607,3157,0,0.0,left
1025,2022110607,3178,0,0.0,left
1026,2022110607,3237,1,0.15000152587889204,left
1027,2022110607,3258,0,0.0,left
1028,2022110607,3284,0,0.11000061035160513,right
1029,2022110607,3306,1,0.43000030517579546,right
1030,2022110607,3362,0,0.0,left
1031,2022110607,3384,0,0.0,left
1032,2022110607,3405,2,3.079994201660199,left
1033,2022110607,3454,6,3.130001068115199,right
1034,2022110607,3475,1,0.03999710083009944,right
1035,2022110607,3499,2,0.5599975585938068,right
1036,2022110607,3521,0,0.010002136230497172,right
1037,2022110607,3542,0,0.010002136230397696,right
1038,2022110607,3575,1,0.5,right
1039,2022110607,3596,0,0.010002136230397696,right
1040,2022110607,3620,1,0.1299972534178977,right
1041,2022110607,3649,1,0.08000183105399117,right
1042,2022110607,3671,1,0.30000305175799724,right
1043,2022110607,3692,1,0.020004272461008554,right
1044,2022110607,3751,0,0.0,right
1045,2022110607,3772,0,0.010002136230994552,right
1046,2022110607,3800,0,0.029998779297002898,right
1047,2022110607,3869,0,0.0,left
1048,2022110608,67,0,0.06999969482420454,left
1049,2022110608,112,0,0.09000396728519888,left
1050,2022110608,169,1,0.1699981689452983,left
1051,2022110608,193,0,0.060001373291001414,left
1052,2022110608,221,2,0.20999908447269888,left
1053,2022110608,247,0,0.719997406005902,left
1054,2022110608,315,0,0.01000022888180041,right
1055,2022110608,339,0,0.5299987792968999,right
1056,2022110608,360,0,0.0,right
1057,2022110608,381,0,0.00999832153319602,right
1058,2022110608,402,0,0.0,right
1059,2022110608,431,0,0.0,right
1060,2022110608,452,0,0.0,right
1061,2022110608,476,0,0.0,right
1062,2022110608,505,0,0.0,right
1063,2022110608,568,0,0.1200027465821023,left
1064,2022110608,592,0,0.0,left
1065,2022110608,616,2,0.8300018310547017,left
1066,2022110608,663,0,0.010000228881899886,right
1067,2022110608,684,0,0.0,right
1068,2022110608,708,0,1.0499992370605966,right
1069,2022110608,753,0,0.1199951171875,left
1070,2022110608,777,0,0.2900009155274006,left
1071,2022110608,798,3,0.8199996948242045,left
1072,2022110608,822,0,0.0,left
1073,2022110608,843,1,0.18000030517579546,left
1074,2022110608,883,0,0.02999877929690342,right
1075,2022110608,907,0,0.0,right
1076,2022110608,949,0,0.7900009155274006,right
1077,2022110608,1003,0,0.009994506835994343,right
1078,2022110608,1024,0,0.1600036621089913,right
1079,2022110608,1046,0,0.8499984741209943,right
1080,2022110608,1120,0,0.010002136231008762,left
1081,2022110608,1141,0,0.12000274658198862,left
1082,2022110608,1202,1,0.36000061035160513,left
1083,2022110608,1226,0,1.4000015258789062,left
1084,2022110608,1296,0,0.0,left
1085,2022110608,1361,0,0.03000640869139204,right
1086,2022110608,1382,0,0.02999877929690342,right
1087,2022110608,1403,0,0.05000305175779829,right
1088,2022110608,1427,0,0.0,right
1089,2022110608,1451,0,0.0,left
1090,2022110608,1473,0,0.02999877929688921,left
1091,2022110608,1494,0,0.08999633789071027,left
1092,2022110608,1535,0,0.059999465942400576,right
1093,2022110608,1559,0,0.0,right
1094,2022110608,1621,0,0.0,right
1095,2022110608,1642,0,0.0,right
1096,2022110608,1687,0,0.029998779297002898,left
1097,2022110608,1710,0,0.08000183105399117,left
1098,2022110608,1767,3,2.1500015258789062,left
1099,2022110608,1788,0,0.04000091552730112,left
1100,2022110608,1812,0,0.0,left
1101,2022110608,1841,0,0.11000061035149145,left
1102,2022110608,1865,0,0.0,left
1103,2022110608,1918,1,0.649997711181598,left
1104,2022110608,1940,0,0.0,left
1105,2022110608,1977,0,0.0,right
1106,2022110608,2033,0,0.029998779296803946,right
1107,2022110608,2105,0,0.0799942016602131,left
1108,2022110608,2131,1,0.15000152587890625,left
1109,2022110608,2155,1,0.27000427246089487,left
1110,2022110608,2213,0,0.05999755859370026,right
1111,2022110608,2242,0,0.010002136230497172,right
1112,2022110608,2261,2,0.22999954223640628,right
1113,2022110608,2305,1,0.2099990844725994,left
1114,2022110608,2327,2,0.27999877929678973,left
1115,2022110608,2351,1,0.31999969482419033,left
1116,2022110608,2459,0,0.0,right
1117,2022110608,2517,5,0.44000244140629974,right
1118,2022110608,2561,2,0.40000152587889914,right
1119,2022110608,2585,3,0.75,right
1120,2022110608,2614,0,0.029998779296896316,right
1121,2022110608,2635,1,0.13000106811519885,right
1122,2022110608,2679,0,0.0,right
1123,2022110608,2772,0,0.029998779296803946,right
1124,2022110608,2793,0,0.0,right
1125,2022110608,2838,0,0.05000305175799724,right
1126,2022110608,2860,0,0.029998779296988687,right
1127,2022110608,2927,0,0.0,left
1128,2022110608,2948,0,0.009994506835894867,left
1129,2022110608,2969,0,0.020004272460894867,left
1130,2022110608,2993,1,0.09999847412110796,left
1131,2022110608,3012,0,0.05999755859369316,left
1132,2022110608,3052,0,0.0,right
1133,2022110608,3100,0,0.0,left
1134,2022110608,3126,0,0.0,left
1135,2022110608,3155,0,0.14000701904299717,left
1136,2022110608,3176,0,0.0,left
1137,2022110608,3197,0,0.0,left
1138,2022110608,3218,0,0.0,left
1139,2022110608,3239,0,0.149997711181598,left
1140,2022110608,3261,0,0.11000061035149855,left
1141,2022110608,3282,2,0.2700004577635937,left
1142,2022110608,3303,0,0.059999465942400576,left
1143,2022110608,3327,0,0.5600013732909979,left
1144,2022110608,3351,0,0.030000686645500707,left
1145,2022110608,3372,0,0.1299991607665998,left
1146,2022110608,3425,2,1.1500015258788991,right
1147,2022110608,3519,0,1.5099983215332031,right
1148,2022110608,3543,5,1.0199966430663991,right
1149,2022110608,3661,0,0.0,right
1150,2022110608,3682,0,0.04000091552740059,right
1151,2022110608,3725,0,0.12000274658200283,right
1152,2022110608,3749,0,0.2900009155274006,right
1153,2022110608,3771,0,0.010002136230497172,right
1154,2022110608,3827,0,0.0,right
1155,2022110608,3883,1,0.14999389648500028,right
1156,2022110608,3983,0,0.020000457763700297,left
1157,2022110608,4034,4,0.370000839233402,left
1158,2022110608,4150,0,0.00999832153319602,right
1159,2022110608,4251,2,0.2600002288818004,right
1160,2022110608,4281,0,0.01000022888180041,left
1161,2022110608,4303,0,0.209999084472706,left
1162,2022110609,62,1,0.75,left
1163,2022110609,84,0,0.0799942016602131,left
1164,2022110609,105,0,0.010002136230497172,left
1165,2022110609,157,0,0.010002136230497172,right
1166,2022110609,178,0,0.0,right
1167,2022110609,212,1,0.04999923706060372,right
1168,2022110609,271,0,0.030002593994097992,right
1169,2022110609,294,0,0.0,right
1170,2022110609,318,10,1.25,right
1171,2022110609,339,1,0.14000701904299717,right
1172,2022110609,367,0,0.13999938964849434,right
1173,2022110609,414,0,0.08000183105500014,right
1174,2022110609,445,0,0.010002136231008762,right
1175,2022110609,500,0,0.05000305175779829,left
1176,2022110609,522,3,0.5699996948241903,left
1177,2022110609,582,0,0.010002136230497172,left
1178,2022110609,606,4,0.9700012207030966,left
1179,2022110609,647,0,0.0,left
1180,2022110609,701,0,0.0,right
1181,2022110609,754,0,0.01000022888180041,right
1182,2022110609,778,0,0.00999832153319602,right
1183,2022110609,829,0,0.08000183105500014,left
1184,2022110609,850,0,0.0,left
1185,2022110609,879,0,0.0,left
1186,2022110609,900,0,0.04999542236330967,left
1187,2022110609,979,0,0.0,right
1188,2022110609,1000,0,0.0,right
1189,2022110609,1024,0,0.2599983215332031,right
1190,2022110609,1050,0,0.009998321533203125,right
1191,2022110609,1113,0,0.0,left
1192,2022110609,1134,0,0.0,left
1193,2022110609,1156,0,0.010002136230397696,left
1194,2022110609,1208,0,0.1399993896484979,right
1195,2022110609,1230,0,0.7700004577637003,right
1196,2022110609,1254,0,0.9700012207030966,right
1197,2022110609,1318,0,0.04999542236330967,left
1198,2022110609,1345,2,0.5799942016600994,left
1199,2022110609,1367,0,0.05999755859380684,left
1200,2022110609,1410,0,0.02000045776360082,right
1201,2022110609,1431,0,0.0,right
1202,2022110609,1462,1,0.2800006866455007,right
1203,2022110609,1503,0,0.0,left
1204,2022110609,1524,0,0.0,left
1205,2022110609,1545,0,0.11000061035160513,left
1206,2022110609,1569,0,0.010002136230397696,left
1207,2022110609,1590,0,0.0,left
1208,2022110609,1611,1,0.290000915527294,left
1209,2022110609,1646,0,0.0,left
1210,2022110609,1667,0,0.0,left
1211,2022110609,1688,1,0.12999725341800428,left
1212,2022110609,1730,0,0.010002136230504277,right
1213,2022110609,1758,0,0.3000030517577983,right
1214,2022110609,1786,0,0.0,right
1215,2022110609,1901,2,0.9299964904785014,left
1216,2022110609,1925,3,0.5900001525878977,left
1217,2022110609,1949,4,0.7000007629395029,left
1218,2022110609,1971,0,0.12000274658200283,left
1219,2022110609,2006,1,0.4799995422362997,left
1220,2022110609,2030,2,0.680000305175799,left
1221,2022110609,2059,1,0.17999839782710225,left
1222,2022110609,2122,0,0.0599994659423011,right
1223,2022110609,2177,1,0.22000122070309658,left
1224,2022110609,2198,0,0.05000305175779829,left
1225,2022110609,2220,0,0.0,left
1226,2022110609,2283,0,0.00999832153319602,right
1227,2022110609,2304,0,0.0,right
1228,2022110609,2328,0,0.009998321533203125,right
1229,2022110609,2349,0,0.23000335693360086,right
1230,2022110609,2371,0,0.010002136230504277,right
1231,2022110609,2400,0,0.04000091552730112,right
1232,2022110609,2428,0,0.03000640869139204,right
1233,2022110609,2449,0,0.1299972534178977,right
1234,2022110609,2473,3,0.5899963378910087,right
1235,2022110609,2495,0,0.010002136229999792,right
1236,2022110609,2551,0,0.0,left
1237,2022110609,2572,0,0.0,left
1238,2022110609,2596,2,0.6399993896484943,left
1239,2022110609,2717,1,0.14999961853030186,right
1240,2022110609,2806,2,0.27999877929679684,left
1241,2022110609,2829,1,0.05999755859379974,left
1242,2022110609,2851,0,0.00999832153319602,left
1243,2022110609,2877,2,0.48999786376950283,right
1244,2022110609,2898,0,0.02999877929690342,right
1245,2022110609,2922,0,0.06999969482420454,right
1246,2022110609,2943,0,0.0,right
1247,2022110609,2962,0,0.010002136230397696,right
1248,2022110609,3017,0,0.05999755859370737,left
1249,2022110609,3060,1,0.11999893188469457,right
1250,2022110609,3081,0,0.36000061035149855,right
1251,2022110609,3102,0,0.0,right
1252,2022110609,3126,0,0.0,right
1253,2022110609,3148,1,0.09000015258789773,right
1254,2022110609,3187,0,0.08000183105470171,left
1255,2022110609,3208,0,0.020004272461008554,left
1256,2022110609,3232,0,0.02000427246090908,left
1257,2022110609,3284,1,0.08000183105470171,right
1258,2022110609,3332,1,0.08000183105470171,right
1259,2022110609,3356,2,0.6300048828125,right
1260,2022110609,3380,0,0.010002136230497172,right
1261,2022110609,3404,3,0.569999694824304,right
1262,2022110609,3426,0,0.0,right
1263,2022110609,3483,3,0.8699989318848012,right
1264,2022110609,3548,0,0.05000305175779829,left
1265,2022110609,3569,0,0.010002136230397696,left
1266,2022110609,3595,0,0.010002136230497172,left
1267,2022110609,3644,0,0.010002136230497172,right
1268,2022110609,3668,0,0.009998321533203125,right
1269,2022110609,3714,2,0.5400009155273011,right
1270,2022110609,3743,0,0.03000640869140625,right
1271,2022110609,3767,0,1.4599990844726989,right
1272,2022110609,3796,0,0.009994506836008554,right
1273,2022110609,3817,0,0.020004272460894867,right
1274,2022110609,3841,0,0.020004272461008554,right
1275,2022110609,3862,1,0.19999694824198855,right
1276,2022110609,3891,0,0.0,right
1277,2022110609,3913,0,0.3199996948240056,right
1278,2022110609,3947,0,0.010002136229999792,left
1279,2022110609,3998,0,0.1199951171875,left
1280,2022110609,4058,0,0.0,right
1281,2022110609,4082,1,0.23999786376948862,right
1282,2022110609,4104,0,0.01999664306639204,right
1283,2022110609,4133,1,0.310005187988196,right
1284,2022110609,4162,0,0.13999938964849434,right
1285,2022110609,4224,10,2.23999786377,right
1286,2022110609,4313,0,0.009994506836008554,left
1287,2022110610,64,3,0.6800003051757955,left
1288,2022110610,88,0,0.0,left
1289,2022110610,112,0,0.010002136230497172,left
1290,2022110610,141,0,0.009994506835909078,left
1291,2022110610,170,0,0.010002136230497172,left
1292,2022110610,191,1,0.11000061035149855,left
1293,2022110610,247,2,0.6200027465820028,left
1294,2022110610,306,1,0.060001373291001414,left
1295,2022110610,327,0,0.00999832153319602,left
1296,2022110610,348,0,0.0,left
1297,2022110610,372,3,0.8100013732909979,left
1298,2022110610,401,0,0.0,left
1299,2022110610,455,0,0.01000022888180041,left
1300,2022110610,477,0,0.0,left
1301,2022110610,544,0,0.0,right
1302,2022110610,591,0,0.010002136230497172,right
1303,2022110610,612,1,0.09999847412110796,right
1304,2022110610,634,0,0.06999969482420454,right
1305,2022110610,692,0,0.01999664306640625,left
1306,2022110610,716,0,0.0,left
1307,2022110610,737,2,0.6200027465821023,left
1308,2022110610,763,0,0.0,left
1309,2022110610,787,4,1.0500011444091975,left
1310,2022110610,809,1,0.17999839782720173,left
1311,2022110610,833,0,0.010000228881899886,left
1312,2022110610,857,0,0.010000228881899886,left
1313,2022110610,931,0,0.0,right
1314,2022110610,994,0,0.009994506835909078,left
1315,2022110610,1023,0,0.009994506836008554,left
1316,2022110610,1045,1,0.3399963378906037,left
1317,2022110610,1066,0,0.0,left
1318,2022110610,1087,0,0.0,left
1319,2022110610,1108,0,0.01000022888180041,left
1320,2022110610,1233,0,0.0,right
1321,2022110610,1257,2,0.7099990844726989,right
1322,2022110610,1278,0,0.0,right
1323,2022110610,1300,2,0.7000007629394034,right
1324,2022110610,1376,0,0.0,right
1325,2022110610,1419,0,0.0,left
1326,2022110610,1440,1,0.5100021362305043,left
1327,2022110610,1461,1,0.06999969482430046,left
1328,2022110610,1485,0,0.009999275207499991,left
1329,2022110610,1508,0,0.010000228881901663,left
1330,2022110610,1574,0,0.0,right
1331,2022110610,1595,2,0.5200004577637003,right
1332,2022110610,1617,0,0.0,right
1333,2022110610,1661,0,0.0,left
1334,2022110610,1682,0,0.0,left
1335,2022110610,1719,0,0.0,left
1336,2022110610,1740,8,1.819999694824304,left
1337,2022110610,1795,0,0.0,right
1338,2022110610,1835,0,0.0,right
1339,2022110610,1859,0,0.0,right
1340,2022110610,1883,0,0.0,right
1341,2022110610,1930,0,0.0,right
1342,2022110610,1952,0,0.0,right
1343,2022110610,1983,0,0.00999832153319602,right
1344,2022110610,2064,0,0.010002136229999792,left
1345,2022110610,2137,0,0.01000022888180041,right
1346,2022110610,2193,0,0.01000022888180041,right
1347,2022110610,2219,0,0.0,right
1348,2022110610,2289,0,0.0,left
1349,2022110610,2324,0,0.0,left
1350,2022110610,2350,0,0.0,right
1351,2022110610,2374,0,0.010002136230497172,right
1352,2022110610,2395,1,0.05000305175779829,right
1353,2022110610,2490,0,0.0,left
1354,2022110610,2512,1,0.3600006103515909,left
1355,2022110610,2536,0,0.0,left
1356,2022110610,2560,0,0.009994506835909078,left
1357,2022110610,2581,0,0.0,left
1358,2022110610,2605,2,0.6199989318847017,left
1359,2022110610,2629,0,0.0,left
1360,2022110610,2653,0,0.0,left
1361,2022110610,2675,1,0.11999893188480115,left
1362,2022110610,2750,0,0.020000457763700297,right
1363,2022110610,2771,0,0.0,right
1364,2022110610,2792,0,0.0,right
1365,2022110610,2846,0,0.0,left
1366,2022110610,2875,0,0.00999832153319602,left
1367,2022110610,2899,1,0.4599990844726989,left
1368,2022110610,2918,0,0.0,left
1369,2022110610,2959,0,0.0,right
1370,2022110610,2999,0,0.010002136230497172,left
1371,2022110610,3020,0,0.0,left
1372,2022110610,3090,0,0.0,right
1373,2022110610,3121,0,0.0,right
1374,2022110610,3143,0,0.0,right
1375,2022110610,3204,0,0.010002136230497172,left
1376,2022110610,3225,0,0.010002136230497172,left
1377,2022110610,3246,0,0.0,left
1378,2022110610,3267,0,0.0,left
1379,2022110610,3289,0,0.0,left
1380,2022110610,3332,0,0.0,right
1381,2022110610,3356,0,0.0,right
1382,2022110610,3380,0,0.0,right
1383,2022110610,3404,0,0.0,right
1384,2022110610,3426,0,0.07999801635740056,right
1385,2022110610,3445,0,0.0,right
1386,2022110610,3466,0,0.0,right
1387,2022110610,3500,0,0.0,right
1388,2022110610,3524,0,0.020004272460894867,right
1389,2022110610,3548,0,0.010002136230497172,right
1390,2022110610,3572,0,0.0,right
1391,2022110610,3593,0,0.0,right
1392,2022110610,3617,0,0.0,right
1393,2022110610,3742,0,0.010002136230497172,left
1394,2022110610,3763,0,0.0,left
1395,2022110610,3785,0,0.01999664306640625,left
1396,2022110610,3836,0,0.0,right
1397,2022110610,3860,1,0.13000106811519885,right
1398,2022110610,3889,0,0.0,right
1399,2022110610,3912,0,0.00999832153319602,right
1400,2022110610,3940,3,1.2399978637694957,right
1401,2022110610,3969,1,0.44000244140629974,right
1402,2022110610,3991,1,0.07999801635740056,right
1403,2022110610,4041,1,0.13999938964840908,left
1404,2022110610,4064,0,0.009994506835909078,left
1405,2022110610,4086,0,0.0,left
1406,2022110610,4133,2,0.6399993896485014,right
1407,2022110610,4162,0,0.0,right
1408,2022110610,4255,1,0.12000274658200283,left
1409,2022110610,4279,2,0.6399993896484091,left
1410,2022110610,4303,0,0.0,left
1411,2022110610,4324,0,0.0,left
1412,2022110610,4348,0,0.0,left
1413,2022110610,4383,0,0.0,left
1414,2022110610,4407,0,0.0,left
1415,2022110610,4428,0,0.009998321533199572,left
1416,2022110610,4450,0,0.030000686645600183,left
1417,2022110610,4481,0,0.010000228881899886,left
1418,2022110610,4503,0,0.0,left
1419,2022110610,4525,1,0.2899990081787003,left
1420,2022110610,4581,0,0.0,right
1421,2022110610,4602,0,0.0,right
1422,2022110610,4621,0,0.0,right
1423,2022110610,4640,0,0.12999916076660156,right
1424,2022110700,56,0,0.0,left
1425,2022110700,80,0,0.04000091552728691,left
1426,2022110700,105,0,0.0,left
1427,2022110700,126,0,0.009994506835909078,left
1428,2022110700,167,1,0.75,right
1429,2022110700,242,0,0.0,right
1430,2022110700,271,0,0.0,right
1431,2022110700,354,0,0.05999755859370737,left
1432,2022110700,378,2,0.5,left
1433,2022110700,403,0,0.010002136230497172,left
1434,2022110700,443,0,0.0,right
1435,2022110700,464,0,0.009998321533203125,right
1436,2022110700,493,0,0.020000457763700297,right
1437,2022110700,518,0,0.020000457763700297,right
1438,2022110700,546,1,0.13999938964850145,right
1439,2022110700,567,0,0.0,right
1440,2022110700,588,0,0.0,right
1441,2022110700,612,0,0.009994506835894867,right
1442,2022110700,646,0,0.010002136230497172,right
1443,2022110700,670,0,0.010002136230497172,right
1444,2022110700,700,1,0.22999572753910513,right
1445,2022110700,817,0,0.0,left
1446,2022110700,839,0,0.010002136231008762,left
1447,2022110700,863,0,0.009994506835994343,left
1448,2022110700,929,0,0.010002136230497172,left
1449,2022110700,950,0,0.0,left
1450,2022110700,971,0,0.0,left
1451,2022110700,1004,0,0.0,left
1452,2022110700,1025,0,0.010002136230497172,left
1453,2022110700,1047,0,0.0,left
1454,2022110700,1088,0,0.010000228881899886,right
1455,2022110700,1171,0,0.12000274658199572,right
1456,2022110700,1219,0,0.0,right
1457,2022110700,1271,0,0.0,left
1458,2022110700,1338,0,0.01999664306640625,left
1459,2022110700,1372,0,0.0,left
1460,2022110700,1405,1,0.12000274658200283,left
1461,2022110700,1435,0,0.0,left
1462,2022110700,1456,0,0.0,left
1463,2022110700,1482,2,0.5599975585937997,left
1464,2022110700,1506,0,0.0,left
1465,2022110700,1532,1,0.40999984741209516,left
1466,2022110700,1556,0,0.0,left
1467,2022110700,1577,0,0.0,left
1468,2022110700,1606,0,0.0,left
1469,2022110700,1670,2,0.40000152587889914,right
1470,2022110700,1692,0,1.8199996948241974,right
1471,2022110700,1713,0,0.11999893188480115,right
1472,2022110700,1734,1,0.0800018310546946,right
1473,2022110700,1768,0,0.010002136230504277,right
1474,2022110700,1796,4,0.9300003051757955,right
1475,2022110700,1824,0,0.09999847412110796,right
1476,2022110700,1855,1,0.1299972534178977,right
1477,2022110700,1899,2,0.7199935913085938,right
1478,2022110700,1925,0,0.009994506836008554,right
1479,2022110700,1947,1,0.3400039672850994,right
1480,2022110700,2043,0,0.0,right
1481,2022110700,2096,0,0.0,right
1482,2022110700,2131,0,0.0,right
1483,2022110700,2156,0,0.0,right
1484,2022110700,2182,0,0.009994506835909078,right
1485,2022110700,2210,0,0.0,right
1486,2022110700,2240,0,0.06000518798830967,right
1487,2022110700,2261,2,0.7099990844726989,right
1488,2022110700,2286,0,0.06999969482420454,right
1489,2022110700,2307,0,0.08999633789059658,right
1490,2022110700,2363,1,0.09000396728519888,left
1491,2022110700,2387,0,0.029998779296803946,left
1492,2022110700,2412,0,0.14999389648440342,left
1493,2022110700,2465,1,0.20000076293950286,left
1494,2022110700,2496,0,0.04000091552729401,left
1495,2022110700,2533,0,0.04999923706049714,left
1496,2022110700,2558,0,0.0,left
1497,2022110700,2582,1,0.48000144958490054,left
1498,2022110700,2612,0,0.09000015258780181,left
1499,2022110700,2637,0,0.02999877929679684,left
1500,2022110700,2690,0,0.04000091552740059,right
1501,2022110700,2723,0,0.0,right
1502,2022110700,2761,0,0.0,left
1503,2022110700,2818,0,0.0,right
1504,2022110700,2843,0,0.010002136230504277,right
1505,2022110700,2865,0,0.009998321533203125,right
1506,2022110700,2902,0,0.0,left
1507,2022110700,2923,0,0.0,left
1508,2022110700,2944,1,1.389999389648402,left
1509,2022110700,2965,1,0.2299995422362997,left
1510,2022110700,2993,0,0.18000030517569954,left
1511,2022110700,3037,1,0.11999893188469812,left
1512,2022110700,3059,0,0.02999877929690342,left
1513,2022110700,3127,0,0.00999832153319602,right
1514,2022110700,3153,1,0.06999969482420099,left
1515,2022110700,3174,0,0.010000228881899886,left
1516,2022110700,3195,4,2.309999465942399,left
1517,2022110700,3278,0,0.08000183105460223,right
1518,2022110700,3299,0,0.18000030517580257,right
1519,2022110700,3323,0,0.10999870300299719,right
1520,2022110700,3347,1,0.25,right
1521,2022110700,3375,2,0.5999984741211009,right
1522,2022110700,3401,0,0.0,right
1523,2022110700,3458,1,0.2599945068359091,right
1524,2022110700,3480,1,0.3500061035155966,right
1525,2022110700,3560,0,0.0,left
1526,2022110700,3581,0,0.05000305175779829,left
1527,2022110700,3602,2,0.6399993896483949,left
1528,2022110700,3630,1,0.05999755859370737,left
1529,2022110700,3658,0,0.05000305175779829,left
1530,2022110700,3686,0,0.009998321533203125,left
1531,2022110700,3707,1,0.21000289916989345,left
1532,2022110700,3740,1,0.10000228881840201,left
1533,2022110700,3787,0,0.0,right
