batch_size,conv_dropout,conv_filters,dense_dropout,dense_size,learning_rate,val_auc
64,0.2,16,0.3,32,0.001,0.8194208269867114
64,0.2,16,0.3,32,0.0005,0.8199275992699196
64,0.2,16,0.3,32,0.0001,0.8160474059824571
64,0.2,16,0.3,64,0.001,0.8223720061452807
64,0.2,16,0.3,64,0.0005,0.8212554657545039
64,0.2,16,0.3,64,0.0001,0.820128666815484
64,0.2,16,0.3,128,0.001,0.8219961329376543
64,0.2,16,0.3,128,0.0005,0.8230642529807238
64,0.2,16,0.3,128,0.0001,0.8215049536477756
64,0.2,16,0.4,32,0.001,0.8168032558170072
64,0.2,16,0.4,32,0.0005,0.8164963200535743
64,0.2,16,0.4,32,0.0001,0.8150289373128841
64,0.2,16,0.4,64,0.001,0.8189940713797994
64,0.2,16,0.4,64,0.0005,0.8206600596144755
64,0.2,16,0.4,64,0.0001,0.8192694108146437
64,0.2,16,0.4,128,0.001,0.8210400362413992
64,0.2,16,0.4,128,0.0005,0.8218886233520668
64,0.2,16,0.4,128,0.0001,0.8220589152529019
64,0.2,16,0.5,32,0.001,0.8185993224434056
64,0.2,16,0.5,32,0.0005,0.8145968472608855
64,0.2,16,0.5,32,0.0001,0.8143204819712169
64,0.2,16,0.5,64,0.001,0.8199969470560429
64,0.2,16,0.5,64,0.0005,0.8190876293397762
64,0.2,16,0.5,64,0.0001,0.8176532791244289
64,0.2,16,0.5,128,0.001,0.8235135773937706
64,0.2,16,0.5,128,0.0005,0.821580046220915
64,0.2,16,0.5,128,0.0001,0.8208642047245128
64,0.2,32,0.3,32,0.001,0.8183888170334577
64,0.2,32,0.3,32,0.0005,0.8202390487945797
64,0.2,32,0.3,32,0.0001,0.8157191324386784
64,0.2,32,0.3,64,0.001,0.8226965866116918
64,0.2,32,0.3,64,0.0005,0.8211327735175167
64,0.2,32,0.3,64,0.0001,0.8196165600871894
64,0.2,32,0.3,128,0.001,0.8212259211355639
64,0.2,32,0.3,128,0.0005,0.8235894906507696
64,0.2,32,0.3,128,0.0001,0.822422067860707
64,0.2,32,0.4,32,0.001,0.8205365466936287
64,0.2,32,0.4,32,0.0005,0.8193520947134828
64,0.2,32,0.4,32,0.0001,0.8167991523977098
64,0.2,32,0.4,64,0.001,0.8222587517726772
64,0.2,32,0.4,64,0.0005,0.820447502494879
64,0.2,32,0.4,64,0.0001,0.8211180012080467
64,0.2,32,0.4,128,0.001,0.8244212537423184
64,0.2,32,0.4,128,0.0005,0.8244081228005672
64,0.2,32,0.4,128,0.0001,0.8222386450181208
64,0.2,32,0.5,32,0.001,0.8169936544723988
64,0.2,32,0.5,32,0.0005,0.8145763301643993
64,0.2,32,0.5,32,0.0001,0.8154163000945427
64,0.2,32,0.5,64,0.001,0.8221516525290193
64,0.2,32,0.5,64,0.0005,0.8192160663637795
64,0.2,32,0.5,64,0.0001,0.8183051072797941
64,0.2,32,0.5,128,0.001,0.8231319593991282
64,0.2,32,0.5,128,0.0005,0.8214216542360419
64,0.2,32,0.5,128,0.0001,0.8206083565313305
64,0.2,64,0.3,32,0.001,0.8187361714769683
64,0.2,64,0.3,32,0.0005,0.8180433091286308
64,0.2,64,0.3,32,0.0001,0.8181284550790483
64,0.2,64,0.3,64,0.001,0.8227384414885235
64,0.2,64,0.3,64,0.0005,0.8202415108461578
64,0.2,64,0.3,64,0.0001,0.820828504976627
64,0.2,64,0.3,128,0.001,0.8231926900047272
64,0.2,64,0.3,128,0.0005,0.8239499760360314
64,0.2,64,0.3,128,0.0001,0.8245353287987814
64,0.2,64,0.4,32,0.001,0.8187757694731866
64,0.2,64,0.4,32,0.0005,0.8182583282998057
64,0.2,64,0.4,32,0.0001,0.8173444968223121
64,0.2,64,0.4,64,0.001,0.8221377009034088
64,0.2,64,0.4,64,0.0005,0.8212837793476547
64,0.2,64,0.4,64,0.0001,0.8206255908923789
64,0.2,64,0.4,128,0.001,0.8226067217290823
64,0.2,64,0.4,128,0.0005,0.8225989252324176
64,0.2,64,0.4,128,0.0001,0.823274348048742
64,0.2,64,0.5,32,0.001,0.8168362883423499
64,0.2,64,0.5,32,0.0005,0.8144698464336363
64,0.2,64,0.5,32,0.0001,0.817085160722727
64,0.2,64,0.5,64,0.001,0.8200390071038396
64,0.2,64,0.5,64,0.0005,0.8183531172855718
64,0.2,64,0.5,64,0.0001,0.8203785650506854
64,0.2,64,0.5,128,0.001,0.8199025684122065
64,0.2,64,0.5,128,0.0005,0.8223843164031723
64,0.2,64,0.5,128,0.0001,0.8235156291034192
64,0.3,16,0.3,32,0.001,0.8207597727033983
64,0.3,16,0.3,32,0.0005,0.8163420314879984
64,0.3,16,0.3,32,0.0001,0.8159320999002049
64,0.3,16,0.3,64,0.001,0.8196046601712275
64,0.3,16,0.3,64,0.0005,0.8211440579205841
64,0.3,16,0.3,64,0.0001,0.8200839395451442
64,0.3,16,0.3,128,0.001,0.8222739344240769
64,0.3,16,0.3,128,0.0005,0.8224774640212197
64,0.3,16,0.3,128,0.0001,0.8221069252586796
64,0.3,16,0.4,32,0.001,0.8188237794789642
64,0.3,16,0.4,32,0.0005,0.817657587714691
64,0.3,16,0.4,32,0.0001,0.8153572108566626
64,0.3,16,0.4,64,0.001,0.8208307618572405
64,0.3,16,0.4,64,0.0005,0.8210178777771943
64,0.3,16,0.4,64,0.0001,0.8190248470245287
64,0.3,16,0.4,128,0.001,0.8227651137139556
64,0.3,16,0.4,128,0.0005,0.823142628289301
64,0.3,16,0.4,128,0.0001,0.8208028586060192
64,0.3,16,0.5,32,0.001,0.8155943884920427
64,0.3,16,0.5,32,0.0005,0.8159197896423132
64,0.3,16,0.5,32,0.0001,0.8087338817690004
64,0.3,16,0.5,64,0.001,0.8196395392352539
64,0.3,16,0.5,64,0.0005,0.818868506749304
64,0.3,16,0.5,64,0.0001,0.8165254543305845
64,0.3,16,0.5,128,0.001,0.8213646167078102
64,0.3,16,0.5,128,0.0005,0.8197285834340039
64,0.3,16,0.5,128,0.0001,0.8195012540049371
64,0.3,32,0.3,32,0.001,0.8179780647618048
64,0.3,32,0.3,32,0.0005,0.8179985818582909
64,0.3,32,0.3,32,0.0001,0.8196871388991018
64,0.3,32,0.3,64,0.001,0.8224011404222911
64,0.3,32,0.3,64,0.0005,0.8238459543568465
64,0.3,32,0.3,64,0.0001,0.8204454507852303
64,0.3,32,0.3,128,0.001,0.8233400027574977
64,0.3,32,0.3,128,0.0005,0.8236756624560113
64,0.3,32,0.3,128,0.0001,0.8233231787383792
64,0.3,32,0.4,32,0.001,0.8190695742948685
64,0.3,32,0.4,32,0.0005,0.8187035492935554
64,0.3,32,0.4,32,0.0001,0.8177084701139766
64,0.3,32,0.4,64,0.001,0.8211701146331214
64,0.3,32,0.4,64,0.0005,0.8210269052996481
64,0.3,32,0.4,64,0.0001,0.8199546818372814
64,0.3,32,0.4,128,0.001,0.8201171772414517
64,0.3,32,0.4,128,0.0005,0.822662117889595
64,0.3,32,0.4,128,0.0001,0.8219009336099585
64,0.3,32,0.5,32,0.001,0.8150962333893585
64,0.3,32,0.5,32,0.0005,0.816462672015337
64,0.3,32,0.5,32,0.0001,0.8144889273333684
64,0.3,32,0.5,64,0.001,0.8213715925206155
64,0.3,32,0.5,64,0.0005,0.8198836926834393
64,0.3,32,0.5,64,0.0001,0.818723245706182
64,0.3,32,0.5,128,0.001,0.8233182546352225
64,0.3,32,0.5,128,0.0005,0.8224413539314039
64,0.3,32,0.5,128,0.0001,0.8198319896002941
64,0.3,64,0.3,32,0.001,0.8201175875833815
64,0.3,64,0.3,32,0.0005,0.8167080564893114
64,0.3,64,0.3,32,0.0001,0.8175328437680551
64,0.3,64,0.3,64,0.001,0.8209786901229055
64,0.3,64,0.3,64,0.0005,0.8230925665738748
64,0.3,64,0.3,64,0.0001,0.8209234991333578
64,0.3,64,0.3,128,0.001,0.8226969969536215
64,0.3,64,0.3,128,0.0005,0.8221073356006093
64,0.3,64,0.3,128,0.0001,0.8228377442355166
64,0.3,64,0.4,32,0.001,0.8177745351646619
64,0.3,64,0.4,32,0.0005,0.819458578444246
64,0.3,64,0.4,32,0.0001,0.8170043233625714
64,0.3,64,0.4,64,0.001,0.8230072154524922
64,0.3,64,0.4,64,0.0005,0.8223004014785441
64,0.3,64,0.4,64,0.0001,0.820348199747886
64,0.3,64,0.4,128,0.001,0.8228233822679762
64,0.3,64,0.4,128,0.0005,0.8236933071589895
64,0.3,64,0.4,128,0.0001,0.8224360194863175
64,0.3,64,0.5,32,0.001,0.8173719897316036
64,0.3,64,0.5,32,0.0005,0.8180268954514417
64,0.3,64,0.5,32,0.0001,0.8158258213404066
64,0.3,64,0.5,64,0.001,0.8205271088292452
64,0.3,64,0.5,64,0.0005,0.8190445434371554
64,0.3,64,0.5,64,0.0001,0.8206374908083408
64,0.3,64,0.5,128,0.001,0.8230314256263459
64,0.3,64,0.5,128,0.0005,0.8217926033405116
64,0.3,64,0.5,128,0.0001,0.8229879293817952
64,0.4,16,0.3,32,0.001,0.8217642897473607
64,0.4,16,0.3,32,0.0005,0.8188566068333422
64,0.4,16,0.3,32,0.0001,0.8168545485582226
64,0.4,16,0.3,64,0.001,0.8217724965859552
64,0.4,16,0.3,64,0.0005,0.820693502481748
64,0.4,16,0.3,64,0.0001,0.8187839763117812
64,0.4,16,0.3,128,0.001,0.8208750787856505
64,0.4,16,0.3,128,0.0005,0.8235213738904354
64,0.4,16,0.3,128,0.0001,0.819859072167656
64,0.4,16,0.4,32,0.001,0.8173020264325858
64,0.4,16,0.4,32,0.0005,0.8173046936551289
64,0.4,16,0.4,32,0.0001,0.8137833443852093
64,0.4,16,0.4,64,0.001,0.819971711027365
64,0.4,16,0.4,64,0.0005,0.8194245200640791
64,0.4,16,0.4,64,0.0001,0.8167207770891328
64,0.4,16,0.4,128,0.001,0.8214200128683229
64,0.4,16,0.4,128,0.0005,0.8190402348468931
64,0.4,16,0.4,128,0.0001,0.8200178744944586
64,0.4,16,0.5,32,0.001,0.8151967671621408
64,0.4,16,0.5,32,0.0005,0.8156227020851935
64,0.4,16,0.5,32,0.0001,0.8110482102526393
64,0.4,16,0.5,64,0.001,0.8187893107568675
64,0.4,16,0.5,64,0.0005,0.8182078562424497
64,0.4,16,0.5,64,0.0001,0.8161015711171806
64,0.4,16,0.5,128,0.001,0.8223412305005515
64,0.4,16,0.5,128,0.0005,0.8198373240453805
64,0.4,16,0.5,128,0.0001,0.8195488536687852
64,0.4,32,0.3,32,0.001,0.8179805268133831
64,0.4,32,0.3,32,0.0005,0.8191846752061558
64,0.4,32,0.3,32,0.0001,0.815705180813068
64,0.4,32,0.3,64,0.001,0.8224778743631493
64,0.4,32,0.3,64,0.0005,0.8205533707127476
64,0.4,32,0.3,64,0.0001,0.8201106117705761
64,0.4,32,0.3,128,0.001,0.8240178876254005
64,0.4,32,0.3,128,0.0005,0.8237335206681023
64,0.4,32,0.3,128,0.0001,0.8205410604548558
64,0.4,32,0.4,32,0.001,0.8194914057986238
64,0.4,32,0.4,32,0.0005,0.817684259940123
64,0.4,32,0.4,32,0.0001,0.8142435428593937
64,0.4,32,0.4,64,0.001,0.8212587484899416
64,0.4,32,0.4,64,0.0005,0.8206444666211461
64,0.4,32,0.4,64,0.0001,0.8193334241556804
64,0.4,32,0.4,128,0.001,0.8213810303849991
64,0.4,32,0.4,128,0.0005,0.8214992088607596
64,0.4,32,0.4,128,0.0001,0.8213687201271075
64,0.4,32,0.5,32,0.001,0.8176891840432796
64,0.4,32,0.5,32,0.0005,0.8148373076317034
64,0.4,32,0.5,32,0.0001,0.813690401938127
64,0.4,32,0.5,64,0.001,0.8200927618966333
64,0.4,32,0.5,64,0.0005,0.8206407735437786
64,0.4,32,0.5,64,0.0001,0.8173522933189769
64,0.4,32,0.5,128,0.001,0.8204380646304954
64,0.4,32,0.5,128,0.0005,0.8206329770471137
64,0.4,32,0.5,128,0.0001,0.820021977913756
64,0.4,64,0.3,32,0.001,0.8191311255843269
64,0.4,64,0.3,32,0.0005,0.8200835292032145
64,0.4,64,0.3,32,0.0001,0.8179673958716319
64,0.4,64,0.3,64,0.001,0.8208824649403854
64,0.4,64,0.3,64,0.0005,0.8200424950102421
64,0.4,64,0.3,64,0.0001,0.8202685934135198
64,0.4,64,0.3,128,0.001,0.8231931003466569
64,0.4,64,0.3,128,0.0005,0.8236797658753086
64,0.4,64,0.3,128,0.0001,0.8224064748673775
64,0.4,64,0.4,32,0.001,0.8191705184095806
64,0.4,64,0.4,32,0.0005,0.8176440464310101
64,0.4,64,0.4,32,0.0001,0.8164950890277851
64,0.4,64,0.4,64,0.001,0.8235275290193812
64,0.4,64,0.4,64,0.0005,0.8208422514312728
64,0.4,64,0.4,64,0.0001,0.8191709287515101
64,0.4,64,0.4,128,0.001,0.8222008935605861
64,0.4,64,0.4,128,0.0005,0.8240568701087243
64,0.4,64,0.4,128,0.0001,0.8222685999789905
64,0.4,64,0.5,32,0.001,0.8169858579757341
64,0.4,64,0.5,32,0.0005,0.8186649771521615
64,0.4,64,0.5,32,0.0001,0.8146789156468301
64,0.4,64,0.5,64,0.001,0.8202164799884448
64,0.4,64,0.5,64,0.0005,0.8200958394611062
64,0.4,64,0.5,64,0.0001,0.8181446635852723
64,0.4,64,0.5,128,0.001,0.8202673623877305
64,0.4,64,0.5,128,0.0005,0.822192276380062
64,0.4,64,0.5,128,0.0001,0.8214306817584958
128,0.2,16,0.3,32,0.001,0.8177068287462577
128,0.2,16,0.3,32,0.0005,0.8204093406954147
128,0.2,16,0.3,32,0.0001,0.8178418312411366
128,0.2,16,0.3,64,0.001,0.8228972438153265
128,0.2,16,0.3,64,0.0005,0.8225796391617206
128,0.2,16,0.3,64,0.0001,0.8196885750958559
128,0.2,16,0.3,128,0.001,0.8209821780293082
128,0.2,16,0.3,128,0.0005,0.8223084031461736
128,0.2,16,0.3,128,0.0001,0.8223925232417668
128,0.2,16,0.4,32,0.001,0.8176052691186513
128,0.2,16,0.4,32,0.0005,0.8190141781343558
128,0.2,16,0.4,32,0.0001,0.8152373910131835
128,0.2,16,0.4,64,0.001,0.8210568602605179
128,0.2,16,0.4,64,0.0005,0.8217396692315773
128,0.2,16,0.4,64,0.0001,0.8175385885550712
128,0.2,16,0.4,128,0.001,0.82124643823205
128,0.2,16,0.4,128,0.0005,0.8216276458847629
128,0.2,16,0.4,128,0.0001,0.8215373706602238
128,0.2,16,0.5,32,0.001,0.8155689472923999
128,0.2,16,0.5,32,0.0005,0.81768118237565
128,0.2,16,0.5,32,0.0001,0.8099644972162403
128,0.2,16,0.5,64,0.001,0.8192907485949892
128,0.2,16,0.5,64,0.0005,0.8186259946688377
128,0.2,16,0.5,64,0.0001,0.8160736678659594
128,0.2,16,0.5,128,0.001,0.8227786549976364
128,0.2,16,0.5,128,0.0005,0.8219791037475708
128,0.2,16,0.5,128,0.0001,0.8198578411418667
128,0.2,32,0.3,32,0.001,0.8197216076211986
128,0.2,32,0.3,32,0.0005,0.8194873023793265
128,0.2,32,0.3,32,0.0001,0.8173034626293397
128,0.2,32,0.3,64,0.001,0.8217589553022744
128,0.2,32,0.3,64,0.0005,0.8207495141551552
128,0.2,32,0.3,64,0.0001,0.8202197627238826
128,0.2,32,0.3,128,0.001,0.8258067732680288
128,0.2,32,0.3,128,0.0005,0.8222390553600505
128,0.2,32,0.3,128,0.0001,0.8224815674405168
128,0.2,32,0.4,32,0.001,0.8197667452334682
128,0.2,32,0.4,32,0.0005,0.8181528704238669
128,0.2,32,0.4,32,0.0001,0.8151183918535638
128,0.2,32,0.4,64,0.001,0.8222091003991807
128,0.2,32,0.4,64,0.0005,0.8217622380377121
128,0.2,32,0.4,64,0.0001,0.8204914090813593
128,0.2,32,0.4,128,0.001,0.8217290003414045
128,0.2,32,0.4,128,0.0005,0.8230215774200327
128,0.2,32,0.4,128,0.0001,0.8236120594569042
128,0.2,32,0.5,32,0.001,0.816465544408845
128,0.2,32,0.5,32,0.0005,0.8169333342087295
128,0.2,32,0.5,32,0.0001,0.8126620850622407
128,0.2,32,0.5,64,0.001,0.8204635058301382
128,0.2,32,0.5,64,0.0005,0.81994196123746
128,0.2,32,0.5,64,0.0001,0.8192714625242924
128,0.2,32,0.5,128,0.001,0.8222025349283051
128,0.2,32,0.5,128,0.0005,0.8218036825726143
128,0.2,32,0.5,128,0.0001,0.8209144716109039
128,0.2,64,0.3,32,0.001,0.8201262047639057
128,0.2,64,0.3,32,0.0005,0.8199152890120278
128,0.2,64,0.3,32,0.0001,0.8167975110299912
128,0.2,64,0.3,64,0.001,0.821841023688219
128,0.2,64,0.3,64,0.0005,0.8222671637822365
128,0.2,64,0.3,64,0.0001,0.8195841430747413
128,0.2,64,0.3,128,0.001,0.8250503079205841
128,0.2,64,0.3,128,0.0005,0.8251873621251116
128,0.2,64,0.3,128,0.0001,0.8230433255423079
128,0.2,64,0.4,32,0.001,0.8198385550711698
128,0.2,64,0.4,32,0.0005,0.8206362597825517
128,0.2,64,0.4,32,0.0001,0.8177577111455434
128,0.2,64,0.4,64,0.001,0.8229300711697043
128,0.2,64,0.4,64,0.0005,0.8229700795078523
128,0.2,64,0.4,64,0.0001,0.8218584632202321
128,0.2,64,0.4,128,0.001,0.8226565782735438
128,0.2,64,0.4,128,0.0005,0.8224286333315824
128,0.2,64,0.4,128,0.0001,0.8213406117049215
128,0.2,64,0.5,32,0.001,0.8167357545695677
128,0.2,64,0.5,32,0.0005,0.8168980448027733
128,0.2,64,0.5,32,0.0001,0.8150658680865591
128,0.2,64,0.5,64,0.001,0.8226389335705657
128,0.2,64,0.5,64,0.0005,0.8203104482903514
128,0.2,64,0.5,64,0.0001,0.8191569771258994
128,0.2,64,0.5,128,0.001,0.8213818510688586
128,0.2,64,0.5,128,0.0005,0.823421045288618
128,0.2,64,0.5,128,0.0001,0.8235170653001733
128,0.3,16,0.3,32,0.001,0.8205665016544987
128,0.3,16,0.3,32,0.0005,0.817885737827617
128,0.3,16,0.3,32,0.0001,0.81488654866327
128,0.3,16,0.3,64,0.001,0.8221549352644573
128,0.3,16,0.3,64,0.0005,0.820706838594464
128,0.3,16,0.3,64,0.0001,0.8188812273491256
128,0.3,16,0.3,128,0.001,0.8238960160722727
128,0.3,16,0.3,128,0.0005,0.820740896974631
128,0.3,16,0.3,128,0.0001,0.8215820979305636
128,0.3,16,0.4,32,0.001,0.8188925117521928
128,0.3,16,0.4,32,0.0005,0.8175238162456011
128,0.3,16,0.4,32,0.0001,0.8146982017175273
128,0.3,16,0.4,64,0.001,0.8218808268554021
128,0.3,16,0.4,64,0.0005,0.8194011305740847
128,0.3,16,0.4,64,0.0001,0.8172250873207626
128,0.3,16,0.4,128,0.001,0.8221249803035874
128,0.3,16,0.4,128,0.0005,0.823361750879773
128,0.3,16,0.4,128,0.0001,0.8202246868270392
128,0.3,16,0.5,32,0.001,0.8151680432270603
128,0.3,16,0.5,32,0.0005,0.8152640632386154
128,0.3,16,0.5,32,0.0001,0.8101122203109407
128,0.3,16,0.5,64,0.001,0.8198147552392457
128,0.3,16,0.5,64,0.0005,0.8193440930458533
128,0.3,16,0.5,64,0.0001,0.8162509355795997
128,0.3,16,0.5,128,0.001,0.8212866517411629
128,0.3,16,0.5,128,0.0005,0.820900930327223
128,0.3,16,0.5,128,0.0001,0.8187310422028468
128,0.3,32,0.3,32,0.001,0.8205152089132833
128,0.3,32,0.3,32,0.0005,0.8186395359525185
128,0.3,32,0.3,32,0.0001,0.8141126437838122
128,0.3,32,0.3,64,0.001,0.8217207935028101
128,0.3,32,0.3,64,0.0005,0.8235870285991911
128,0.3,32,0.3,64,0.0001,0.820217711014234
128,0.3,32,0.3,128,0.001,0.8211902213876778
128,0.3,32,0.3,128,0.0005,0.8232530102683964
128,0.3,32,0.3,128,0.0001,0.8226615023767004
128,0.3,32,0.4,32,0.001,0.8193740480067231
128,0.3,32,0.4,32,0.0005,0.8175595159934871
128,0.3,32,0.4,32,0.0001,0.8151467054467146
128,0.3,32,0.4,64,0.001,0.8210974841115605
128,0.3,32,0.4,64,0.0005,0.8214232956037607
128,0.3,32,0.4,64,0.0001,0.8182956694154104
128,0.3,32,0.4,128,0.001,0.8237971236672093
128,0.3,32,0.4,128,0.0005,0.8232603964231315
128,0.3,32,0.4,128,0.0001,0.8221075407715741
128,0.3,32,0.5,32,0.001,0.8170154025946741
128,0.3,32,0.5,32,0.0005,0.8158914760491622
128,0.3,32,0.5,32,0.0001,0.8122899049319816
128,0.3,32,0.5,64,0.001,0.8199600162823678
128,0.3,32,0.5,64,0.0005,0.8202074524659908
128,0.3,32,0.5,64,0.0001,0.8165463817690004
128,0.3,32,0.5,128,0.001,0.8222097159120753
128,0.3,32,0.5,128,0.0005,0.822365851016335
128,0.3,32,0.5,128,0.0001,0.8196420012868323
128,0.3,64,0.3,32,0.001,0.8215418844214507
128,0.3,64,0.3,32,0.0005,0.8188188553758077
128,0.3,64,0.3,32,0.0001,0.8169682132727558
128,0.3,64,0.3,64,0.001,0.8236491954015442
128,0.3,64,0.3,64,0.0005,0.8210412672671885
128,0.3,64,0.3,64,0.0001,0.8212452072062608
128,0.3,64,0.3,128,0.001,0.8242095173065813
128,0.3,64,0.3,128,0.0005,0.8237056174168812
128,0.3,64,0.3,128,0.0001,0.8214409403067389
128,0.3,64,0.4,32,0.001,0.8184511890067756
128,0.3,64,0.4,32,0.0005,0.8180847536635327
128,0.3,64,0.4,32,0.0001,0.8170301749041441
128,0.3,64,0.4,64,0.001,0.8223371270812543
128,0.3,64,0.4,64,0.0005,0.8191877527706287
128,0.3,64,0.4,64,0.0001,0.8173781448605494
128,0.3,64,0.4,128,0.001,0.8240802595987184
128,0.3,64,0.4,128,0.0005,0.824630938468407
128,0.3,64,0.4,128,0.0001,0.8223654406744052
128,0.3,64,0.5,32,0.001,0.8178406002153475
128,0.3,64,0.5,32,0.0005,0.8182985418089184
128,0.3,64,0.5,32,0.0001,0.8137129707442619
128,0.3,64,0.5,64,0.001,0.8210365483349965
128,0.3,64,0.5,64,0.0005,0.8170695677293975
128,0.3,64,0.5,64,0.0001,0.8172968971584642
128,0.3,64,0.5,128,0.001,0.8220191120857188
128,0.3,64,0.5,128,0.0005,0.823224081162351
128,0.3,64,0.5,128,0.0001,0.8208188619412785
128,0.4,16,0.3,32,0.001,0.818174618546142
128,0.4,16,0.3,32,0.0005,0.8163633692683441
128,0.4,16,0.3,32,0.0001,0.8128303252534272
128,0.4,16,0.3,64,0.001,0.8223096341719627
128,0.4,16,0.3,64,0.0005,0.8203921063343664
128,0.4,16,0.3,64,0.0001,0.8162788388308209
128,0.4,16,0.3,128,0.001,0.8235066015809653
128,0.4,16,0.3,128,0.0005,0.8226216992095172
128,0.4,16,0.3,128,0.0001,0.8192425334182468
128,0.4,16,0.4,32,0.001,0.8185385918378066
128,0.4,16,0.4,32,0.0005,0.8177605835390513
128,0.4,16,0.4,32,0.0001,0.8105910893429276
128,0.4,16,0.4,64,0.001,0.820229405759231
128,0.4,16,0.4,64,0.0005,0.8194064650191712
128,0.4,16,0.4,64,0.0001,0.8159058380167026
128,0.4,16,0.4,128,0.001,0.8218184548820842
128,0.4,16,0.4,128,0.0005,0.8225599427490939
128,0.4,16,0.4,128,0.0001,0.820085786083828
128,0.4,16,0.5,32,0.001,0.8163641899522034
128,0.4,16,0.5,32,0.0005,0.8156735844844791
128,0.4,16,0.5,32,0.0001,0.8099413128972109
128,0.4,16,0.5,64,0.001,0.8201573907505646
128,0.4,16,0.5,64,0.0005,0.8194938678502023
128,0.4,16,0.5,64,0.0001,0.8148368972897735
128,0.4,16,0.5,128,0.001,0.8223572338358107
128,0.4,16,0.5,128,0.0005,0.8209834090550975
128,0.4,16,0.5,128,0.0001,0.8175537712064709
128,0.4,32,0.3,32,0.001,0.8211413906980409
128,0.4,32,0.3,32,0.0005,0.8200059745784969
128,0.4,32,0.3,32,0.0001,0.8134261417353852
128,0.4,32,0.3,64,0.001,0.8232017175271811
128,0.4,32,0.3,64,0.0005,0.8224737709438521
128,0.4,32,0.3,64,0.0001,0.8199349854246545
128,0.4,32,0.3,128,0.001,0.8234709018330794
128,0.4,32,0.3,128,0.0005,0.8242164931193866
128,0.4,32,0.3,128,0.0001,0.8220650703818477
128,0.4,32,0.4,32,0.001,0.8181403549950101
128,0.4,32,0.4,32,0.0005,0.8205418811387153
128,0.4,32,0.4,32,0.0001,0.8138303285361627
128,0.4,32,0.4,64,0.001,0.8208307618572404
128,0.4,32,0.4,64,0.0005,0.8199136476443092
128,0.4,32,0.4,64,0.0001,0.8190252573664583
128,0.4,32,0.4,128,0.001,0.8220646600399181
128,0.4,32,0.4,128,0.0005,0.8233285131834654
128,0.4,32,0.4,128,0.0001,0.8209284232365145
128,0.4,32,0.5,32,0.001,0.8177023149850307
128,0.4,32,0.5,32,0.0005,0.8178557828667472
128,0.4,32,0.5,32,0.0001,0.8116288440831977
128,0.4,32,0.5,64,0.001,0.8207179178265666
128,0.4,32,0.5,64,0.0005,0.8198420429775723
128,0.4,32,0.5,64,0.0001,0.8166231157098588
128,0.4,32,0.5,128,0.001,0.8178627586795525
128,0.4,32,0.5,128,0.0005,0.8224388918798257
128,0.4,32,0.5,128,0.0001,0.8206703181627185
128,0.4,64,0.3,32,0.001,0.8219682296864331
128,0.4,64,0.3,32,0.0005,0.8193063415883188
128,0.4,64,0.3,32,0.0001,0.8168192591522665
128,0.4,64,0.3,64,0.001,0.8210942013761227
128,0.4,64,0.3,64,0.0005,0.8207384349230527
128,0.4,64,0.3,64,0.0001,0.820967816061768
128,0.4,64,0.3,128,0.001,0.8242197758548243
128,0.4,64,0.3,128,0.0005,0.8248361094332686
128,0.4,64,0.3,128,0.0001,0.8246970035190925
128,0.4,64,0.4,32,0.001,0.8187060113451337
128,0.4,64,0.4,32,0.0005,0.8195825017070224
128,0.4,64,0.4,32,0.0001,0.8160289405956195
128,0.4,64,0.4,64,0.001,0.820515619255213
128,0.4,64,0.4,64,0.0005,0.8196797527443669
128,0.4,64,0.4,64,0.0001,0.8192267352539524
128,0.4,64,0.4,128,0.001,0.8241859226456221
128,0.4,64,0.4,128,0.0005,0.82324767582331
128,0.4,64,0.4,128,0.0001,0.8215353189505752
128,0.4,64,0.5,32,0.001,0.8174708821366669
128,0.4,64,0.5,32,0.0005,0.8171768721440202
128,0.4,64,0.5,32,0.0001,0.8142599565365828
128,0.4,64,0.5,64,0.001,0.8207544382583118
128,0.4,64,0.5,64,0.0005,0.8191200463522245
128,0.4,64,0.5,64,0.0001,0.817931696123746
128,0.4,64,0.5,128,0.001,0.8234222763144072
128,0.4,64,0.5,128,0.0005,0.8214713056095384
128,0.4,64,0.5,128,0.0001,0.8215234190346131
256,0.2,16,0.3,32,0.001,0.8190096643731288
256,0.2,16,0.3,32,0.0005,0.8182583282998057
256,0.2,16,0.3,32,0.0001,0.8136842468091812
256,0.2,16,0.3,64,0.001,0.8214122163716582
256,0.2,16,0.3,64,0.0005,0.8224105782866747
256,0.2,16,0.3,64,0.0001,0.8167794559850833
256,0.2,16,0.3,128,0.001,0.8231758659856084
256,0.2,16,0.3,128,0.0005,0.8233769335311729
256,0.2,16,0.3,128,0.0001,0.8215956392142445
256,0.2,16,0.4,32,0.001,0.8184520096906349
256,0.2,16,0.4,32,0.0005,0.8172702249330321
256,0.2,16,0.4,32,0.0001,0.8124392693944011
256,0.2,16,0.4,64,0.001,0.8224581779505227
256,0.2,16,0.4,64,0.0005,0.8212041730132885
256,0.2,16,0.4,64,0.0001,0.8168652174483955
256,0.2,16,0.4,128,0.001,0.82222469339251
256,0.2,16,0.4,128,0.0005,0.8214019578234151
256,0.2,16,0.4,128,0.0001,0.8204409370240033
256,0.2,16,0.5,32,0.001,0.8172739180103997
256,0.2,16,0.5,32,0.0005,0.8165110923630443
256,0.2,16,0.5,32,0.0001,0.8091786924208205
256,0.2,16,0.5,64,0.001,0.8206781146593833
256,0.2,16,0.5,64,0.0005,0.8181820047008772
256,0.2,16,0.5,64,0.0001,0.8150084202163979
256,0.2,16,0.5,128,0.001,0.8219477125899469
256,0.2,16,0.5,128,0.0005,0.8205939945637901
256,0.2,16,0.5,128,0.0001,0.8195390054624717
256,0.2,32,0.3,32,0.001,0.8196965767634855
256,0.2,32,0.3,32,0.0005,0.8209259611849362
256,0.2,32,0.3,32,0.0001,0.8151073126214612
256,0.2,32,0.3,64,0.001,0.8225349118913808
256,0.2,32,0.3,64,0.0005,0.821803682572614
256,0.2,32,0.3,64,0.0001,0.8204561196754032
256,0.2,32,0.3,128,0.001,0.8251725898156416
256,0.2,32,0.3,128,0.0005,0.8240827216502968
256,0.2,32,0.3,128,0.0001,0.82262518711592
256,0.2,32,0.4,32,0.001,0.8190043299280423
256,0.2,32,0.4,32,0.0005,0.8175751089868165
256,0.2,32,0.4,32,0.0001,0.8149185553337885
256,0.2,32,0.4,64,0.001,0.8226379077157414
256,0.2,32,0.4,64,0.0005,0.8230874372997532
256,0.2,32,0.4,64,0.0001,0.8174891423525394
256,0.2,32,0.4,128,0.001,0.8236112387730448
256,0.2,32,0.4,128,0.0005,0.8227811170492146
256,0.2,32,0.4,128,0.0001,0.8218307651399758
256,0.2,32,0.5,32,0.001,0.816954671989075
256,0.2,32,0.5,32,0.0005,0.8170677211907138
256,0.2,32,0.5,32,0.0001,0.8120830925994011
256,0.2,32,0.5,64,0.001,0.8189834024896265
256,0.2,32,0.5,64,0.0005,0.8208147585219812
256,0.2,32,0.5,64,0.0001,0.8184376477230947
256,0.2,32,0.5,128,0.001,0.8210913289826147
256,0.2,32,0.5,128,0.0005,0.8229893655785493
256,0.2,32,0.5,128,0.0001,0.8217909619727927
256,0.2,64,0.3,32,0.001,0.820278441619833
256,0.2,64,0.3,32,0.0005,0.8201902181049425
256,0.2,64,0.3,32,0.0001,0.8176126552733862
256,0.2,64,0.3,64,0.001,0.8239473088134881
256,0.2,64,0.3,64,0.0005,0.8218106583854194
256,0.2,64,0.3,64,0.0001,0.8191701080676506
256,0.2,64,0.3,128,0.001,0.8243010235569095
256,0.2,64,0.3,128,0.0005,0.8234487433688744
256,0.2,64,0.3,128,0.0001,0.8234594122590473
256,0.2,64,0.4,32,0.001,0.8193568136456746
256,0.2,64,0.4,32,0.0005,0.8178106452544776
256,0.2,64,0.4,32,0.0001,0.8110350793108881
256,0.2,64,0.4,64,0.001,0.8205119261778455
256,0.2,64,0.4,64,0.0005,0.819385947922685
256,0.2,64,0.4,64,0.0001,0.8201857043437156
256,0.2,64,0.4,128,0.001,0.8204610437785598
256,0.2,64,0.4,128,0.0005,0.8232944548032985
256,0.2,64,0.4,128,0.0001,0.8231738142759598
256,0.2,64,0.5,32,0.001,0.8184499579809864
256,0.2,64,0.5,32,0.0005,0.8168906586480382
256,0.2,64,0.5,32,0.0001,0.8141737847313408
256,0.2,64,0.5,64,0.001,0.8208623581858291
256,0.2,64,0.5,64,0.0005,0.8214897709963759
256,0.2,64,0.5,64,0.0001,0.8185197161090394
256,0.2,64,0.5,128,0.001,0.821620259730028
256,0.2,64,0.5,128,0.0005,0.8239842395871633
256,0.2,64,0.5,128,0.0001,0.8218030670597195
256,0.3,16,0.3,32,0.001,0.8189899679605022
256,0.3,16,0.3,32,0.0005,0.8172558629654918
256,0.3,16,0.3,32,0.0001,0.8107162436314932
256,0.3,16,0.3,64,0.001,0.8237528067387992
256,0.3,16,0.3,64,0.0005,0.8212324866064394
256,0.3,16,0.3,64,0.0001,0.8170601298650139
256,0.3,16,0.3,128,0.001,0.8238274889700089
256,0.3,16,0.3,128,0.0005,0.8241967967067598
256,0.3,16,0.3,128,0.0001,0.8202616176007145
256,0.3,16,0.4,32,0.001,0.8182755626608541
256,0.3,16,0.4,32,0.0005,0.818932520090341
256,0.3,16,0.4,32,0.0001,0.8104507524029624
256,0.3,16,0.4,64,0.001,0.8214575591548925
256,0.3,16,0.4,64,0.0005,0.820755669284101
256,0.3,16,0.4,64,0.0001,0.8157455994931457
256,0.3,16,0.4,128,0.001,0.824074925153632
256,0.3,16,0.4,128,0.0005,0.8228303580807816
256,0.3,16,0.4,128,0.0001,0.8187468403671412
256,0.3,16,0.5,32,0.001,0.8173030522874101
256,0.3,16,0.5,32,0.0005,0.8166510189610798
256,0.3,16,0.5,32,0.0001,0.8091918233625717
256,0.3,16,0.5,64,0.001,0.8193760997163717
256,0.3,16,0.5,64,0.0005,0.8180822916119543
256,0.3,16,0.5,64,0.0001,0.8143535144965597
256,0.3,16,0.5,128,0.001,0.8217445933347339
256,0.3,16,0.5,128,0.0005,0.8224996224854246
256,0.3,16,0.5,128,0.0001,0.8181417911917643
256,0.3,32,0.3,32,0.001,0.8198865650769473
256,0.3,32,0.3,32,0.0005,0.8178832757760388
256,0.3,32,0.3,32,0.0001,0.8100026590157046
256,0.3,32,0.3,64,0.001,0.8226871487473082
256,0.3,32,0.3,64,0.0005,0.8192037561058879
256,0.3,32,0.3,64,0.0001,0.8186325601397133
256,0.3,32,0.3,128,0.001,0.8241639693523819
256,0.3,32,0.3,128,0.0005,0.8237540377645886
256,0.3,32,0.3,128,0.0001,0.8219138593807448
256,0.3,32,0.4,32,0.001,0.8191011706234571
256,0.3,32,0.4,32,0.0005,0.8180039163033773
256,0.3,32,0.4,32,0.0001,0.8101261719365513
256,0.3,32,0.4,64,0.001,0.8217556725668365
256,0.3,32,0.4,64,0.0005,0.8205792222543201
256,0.3,32,0.4,64,0.0001,0.8172456044172488
256,0.3,32,0.4,128,0.001,0.8215541946793423
256,0.3,32,0.4,128,0.0005,0.8226797625925731
256,0.3,32,0.4,128,0.0001,0.8207519762067335
256,0.3,32,0.5,32,0.001,0.815951180799937
256,0.3,32,0.5,32,0.0005,0.8167482699984243
256,0.3,32,0.5,32,0.0001,0.8114532177372761
256,0.3,32,0.5,64,0.001,0.8200646534744472
256,0.3,32,0.5,64,0.0005,0.8191274325069595
256,0.3,32,0.5,64,0.0001,0.8184031790009979
256,0.3,32,0.5,128,0.001,0.8239070953043752
256,0.3,32,0.5,128,0.0005,0.8222004832186565
256,0.3,32,0.5,128,0.0001,0.8219423781448606
256,0.3,64,0.3,32,0.001,0.8211697042911918
256,0.3,64,0.3,32,0.0005,0.8200925567256684
256,0.3,64,0.3,32,0.0001,0.8140781750617154
256,0.3,64,0.3,64,0.001,0.8203894391118232
256,0.3,64,0.3,64,0.0005,0.8211783214717159
256,0.3,64,0.3,64,0.0001,0.8205209537002993
256,0.3,64,0.3,128,0.001,0.8203186551289459
256,0.3,64,0.3,128,0.0005,0.8248627816587006
256,0.3,64,0.3,128,0.0001,0.8224758226535007
256,0.3,64,0.4,32,0.001,0.8185443366248227
256,0.3,64,0.4,32,0.0005,0.8162168771994328
256,0.3,64,0.4,32,0.0001,0.8146653743631493
256,0.3,64,0.4,64,0.001,0.8228317942775356
256,0.3,64,0.4,64,0.0005,0.820829941173381
256,0.3,64,0.4,64,0.0001,0.8179606252297914
256,0.3,64,0.4,128,0.001,0.8215361396344345
256,0.3,64,0.4,128,0.0005,0.8230051637428437
256,0.3,64,0.4,128,0.0001,0.8212039678423237
256,0.3,64,0.5,32,0.001,0.8174725235043857
256,0.3,64,0.5,32,0.0005,0.81548708407742
256,0.3,64,0.5,32,0.0001,0.8137605704081098
256,0.3,64,0.5,64,0.001,0.8186317394558539
256,0.3,64,0.5,64,0.0005,0.8202107352014287
256,0.3,64,0.5,64,0.0001,0.8181742082042125
256,0.3,64,0.5,128,0.001,0.822448740086139
256,0.3,64,0.5,128,0.0005,0.8239300744524398
256,0.3,64,0.5,128,0.0001,0.821376926965702
256,0.4,16,0.3,32,0.001,0.8187136026708336
256,0.4,16,0.3,32,0.0005,0.8186541030910237
256,0.4,16,0.3,32,0.0001,0.8091109860024162
256,0.4,16,0.3,64,0.001,0.8234838276038658
256,0.4,16,0.3,64,0.0005,0.8206859111560483
256,0.4,16,0.3,64,0.0001,0.8170671056778193
256,0.4,16,0.3,128,0.001,0.8213022447344923
256,0.4,16,0.3,128,0.0005,0.8224138610221126
256,0.4,16,0.3,128,0.0001,0.8182160630810442
256,0.4,16,0.4,32,0.001,0.8176313258311886
256,0.4,16,0.4,32,0.0005,0.8161319364199799
256,0.4,16,0.4,32,0.0001,0.8099320802037923
256,0.4,16,0.4,64,0.001,0.8193067519302484
256,0.4,16,0.4,64,0.0005,0.8188767135878985
256,0.4,16,0.4,64,0.0001,0.8150831024476075
256,0.4,16,0.4,128,0.001,0.8215562463889909
256,0.4,16,0.4,128,0.0005,0.8229415607437365
256,0.4,16,0.4,128,0.0001,0.8175160197489365
256,0.4,16,0.5,32,0.001,0.8163170006302853
256,0.4,16,0.5,32,0.0005,0.8121021734991334
256,0.4,16,0.5,32,0.0001,0.8081793046509795
256,0.4,16,0.5,64,0.001,0.8195028953726561
256,0.4,16,0.5,64,0.0005,0.818428209858711
256,0.4,16,0.5,64,0.0001,0.8138346371264248
256,0.4,16,0.5,128,0.001,0.8214811538158517
256,0.4,16,0.5,128,0.0005,0.8218073756499815
256,0.4,16,0.5,128,0.0001,0.8160420715373707
256,0.4,32,0.3,32,0.001,0.8198246034455592
256,0.4,32,0.3,32,0.0005,0.8186514358684804
256,0.4,32,0.3,32,0.0001,0.8086198067125374
256,0.4,32,0.3,64,0.001,0.8213949820106097
256,0.4,32,0.3,64,0.0005,0.8207183281684962
256,0.4,32,0.3,64,0.0001,0.8177105218236252
256,0.4,32,0.3,128,0.001,0.8242201861967541
256,0.4,32,0.3,128,0.0005,0.8238631887178949
256,0.4,32,0.3,128,0.0001,0.8206850904721886
256,0.4,32,0.4,32,0.001,0.8186735943326855
256,0.4,32,0.4,32,0.0005,0.8172757645490834
256,0.4,32,0.4,32,0.0001,0.812424291913966
256,0.4,32,0.4,64,0.001,0.8216202597300278
256,0.4,32,0.4,64,0.0005,0.8206674457692105
256,0.4,32,0.4,64,0.0001,0.8172587353589998
256,0.4,32,0.4,128,0.001,0.8230088568202112
256,0.4,32,0.4,128,0.0005,0.8223457442617785
256,0.4,32,0.4,128,0.0001,0.8204068786438362
256,0.4,32,0.5,32,0.001,0.8162977145595882
256,0.4,32,0.5,32,0.0005,0.8167593492305267
256,0.4,32,0.5,32,0.0001,0.810747634789117
256,0.4,32,0.5,64,0.001,0.8210843531698093
256,0.4,32,0.5,64,0.0005,0.8191011706234571
256,0.4,32,0.5,64,0.0001,0.8159160965649457
256,0.4,32,0.5,128,0.001,0.8216346216975682
256,0.4,32,0.5,128,0.0005,0.8222985549398603
256,0.4,32,0.5,128,0.0001,0.8206095875571195
256,0.4,64,0.3,32,0.001,0.8205812739639688
256,0.4,64,0.3,32,0.0005,0.8179907853616261
256,0.4,64,0.3,32,0.0001,0.8151030040311992
256,0.4,64,0.3,64,0.001,0.8233789852408215
256,0.4,64,0.3,64,0.0005,0.8222259244182992
256,0.4,64,0.3,64,0.0001,0.8187519696412626
256,0.4,64,0.3,128,0.001,0.8242296240611375
256,0.4,64,0.3,128,0.0005,0.8245390218761489
256,0.4,64,0.3,128,0.0001,0.8220244465308052
256,0.4,64,0.4,32,0.001,0.8199985884237617
256,0.4,64,0.4,32,0.0005,0.8189518061610379
256,0.4,64,0.4,32,0.0001,0.8119366005304901
256,0.4,64,0.4,64,0.001,0.8221151320972739
256,0.4,64,0.4,64,0.0005,0.8203892339408583
256,0.4,64,0.4,64,0.0001,0.8161947187352278
256,0.4,64,0.4,128,0.001,0.8234942913230736
256,0.4,64,0.4,128,0.0005,0.8214093439781501
256,0.4,64,0.4,128,0.0001,0.8225923597615421
256,0.4,64,0.5,32,0.001,0.8172283700562004
256,0.4,64,0.5,32,0.0005,0.8173871723830034
256,0.4,64,0.5,32,0.0001,0.8119017214664637
256,0.4,64,0.5,64,0.001,0.8196678528284048
256,0.4,64,0.5,64,0.0005,0.8209038027207312
256,0.4,64,0.5,64,0.0001,0.817019916355901
256,0.4,64,0.5,128,0.001,0.8227088968695835
256,0.4,64,0.5,128,0.0005,0.8222419277535585
256,0.4,64,0.5,128,0.0001,0.820463711001103
